Seq_ID,PopNumber,PopName,Year,ML.x,Rep,Plant_ID,Shelf,Position,Latitude,Longitude,ShelfNumber,ShelfPlacement,SEEWRITTENDATA.GerminationDate,LC1,H1,LCH1_Date,LC2,H2,LCH2_Date,GrowthRate_LC..LC2.LC1..days,GrowthRate_H..H2.H1..days,FirstFlower_DayInDec,ML.y,CorollaWidth,CorollaLength,Stress,measurementWave,Nectar,ASD,cw_adj,cl_adj,asd_adj,brix_adj,normCW,normCL,normASD,normBrix,facYear,Lat,Long,NumberIndsED50,file_name
1,19,McKinnon,2003,7,1,1.1,1,1,34.50819,-78.70899,1,1,10/6/22,4,6.2,10.18,29,140.4,11.7,1.25,6.71,14,7,46.9566666666667,55.32,0,1.57142857142857,1.52,2.29666666666666,1.01853341292569,1.09858430624343,-4.27806325319631,0.509282747783141,0.10602245588771,0.465496938771003,1.01768320642218,-0.844257144288447,2003,34.508193,-78.70899,106,/gpfs/accounts/rsbaucom_root/rsbaucom0/jlrifkin/IP_WGS_intermediates/Alignment/7570-SB-1_CACTGTAG-AGTCGCTT_S1.bam
2,14,HareRoad,2003,10,1,1.5,1,5,35.42476,-77.917121,1,5,10/6/22,3,13.8,10.18,36,146,11.7,1.65,6.61,9,10,44.16,53.2225,0,1.75,3.7,1.1775,0.957871133274618,1.05693064423429,-2.19336116718664,1.23970142552475,-0.279303402799297,0.330731198641261,0.599197683148663,0.542512533070287,2003,35.424763,-77.917121,116,/gpfs/accounts/rsbaucom_root/rsbaucom0/jlrifkin/IP_WGS_intermediates/Alignment/7570-SB-2_GTGCACGA-GCCTATCA_S2.bam
3,18,Marion2,2003,5,1,1.6,1,6,34.15659,-79.27027,1,6,10/6/22,4,33.7,10.18,37,131.6,11.7,1.65,4.895,13,5,48.1733333333333,48.8933333333333,0,1.5,4.73333333333333,2.32833333333333,1.04492403518152,0.97095894215345,-4.33704961154952,1.5859243461668,0.287551910502191,-0.0714944838069716,1.10597608396531,0.935722198715417,2003,34.156593,-79.27027,115,/gpfs/accounts/rsbaucom_root/rsbaucom0/jlrifkin/IP_WGS_intermediates/Alignment/7570-SB-3_ATGTTCCT-GGCGCTGA_S3.bam
4,12,Florence,2012,16,1,1.11,1,11,34.14581,-79.865313,1,11,10/6/22,3,36,10.18,39,154.3,11.7,1.8,5.915,9,16,45.8233333333333,52.6966666666667,0,1.33333333333333,2.53333333333333,0.053333333333336,0.989994486696647,1.04240873576935,-0.07697950377562,0.785717704494329,0.259574913744035,0.334014104216431,0.307882137453536,-0.132756530332688,2012,34.145812,-79.865313,117,/gpfs/accounts/rsbaucom_root/rsbaucom0/jlrifkin/IP_WGS_intermediates/Alignment/7570-SB-4_CATTATGG-ATGTGACT_S4.bam
5,12,Florence,2012,20,1,1.22,1,22,34.14581,-79.865313,1,22,10/6/22,4,18.4,10.18,39,114.9,11.8,1.666666667,4.595238095,6,20,50.775,54.3275,0,1.75,6.73333333333333,0.582499999999999,1.09697323187653,1.07466874424397,-0.840760517799353,2.08835495141913,0.388897282364781,0.5650814507917,0.477993926038839,1.33481633366403,2012,34.145812,-79.865313,117,/gpfs/accounts/rsbaucom_root/rsbaucom0/jlrifkin/IP_WGS_intermediates/Alignment/7570-SB-5_TCTTGTTT-GTGAAAGG_S5.bam
6,14,HareRoad,2012,9,1,2.1,2,1,35.42476,-77.917121,2,1,,3,23.6,10.18,36,124.5,11.8,1.571428571,4.804761905,16,9,43.1233333333333,53.1866666666667,0.333333333333333,1.33333333333333,0.3,-3.01333333333333,0.931662084410746,1.05210157428906,4.34934196332255,0.0930455176374863,-0.00420664022899237,0.40723140039888,-0.974784805064,-1.81454973941082,2012,35.424763,-77.917121,116,/gpfs/accounts/rsbaucom_root/rsbaucom0/jlrifkin/IP_WGS_intermediates/Alignment/7570-SB-6_GGCTTACT-AGGGAAAG_S6.bam
7,1,Billings,2003,5,1,2.8,2,8,35.77524,-85.903419,2,8,10/6/22,4,11.8,10.18,31,104.9,11.8,1.285714286,4.433333333,12,5,49.77,52.53,0,1.5,1.73333333333333,1.82333333333333,1.07955720795013,1.04317848168777,-3.39637242307457,0.580761028173757,0.503696498632406,0.297617022584045,0.886060591805522,-0.489985624287985,2003,35.775237,-85.903419,62,/gpfs/accounts/rsbaucom_root/rsbaucom0/jlrifkin/IP_WGS_intermediates/Alignment/7570-SB-7_ACGATATG-GAATTGTC_S7.bam
8,19,McKinnon,2012,36,1,2.19,2,19,34.50819,-78.70899,2,19,,3,8.2,10.18,35,130.1,11.9,1.454545455,5.540909091,14,36,47.4833333333333,60.9333333333333,0,1,3.86666666666667,0.256666666666667,1.02585811180576,1.20534073564828,-0.370463861920173,1.19925333843871,0.106996228234102,1.46740993311137,0.409254586714022,0.51231963488127,2012,34.508193,-78.70899,106,/gpfs/accounts/rsbaucom_root/rsbaucom0/jlrifkin/IP_WGS_intermediates/Alignment/7570-SB-8_ATCCGCAG-AGTCGTGT_S8.bam
9,19,McKinnon,2012,32,1,2.2,2,20,34.50819,-78.70899,2,20,,4,6.9,10.18,45,142.3,11.9,1.863636364,6.154545455,NA,32,49.87,60.4825,0,1.25,4.66666666666667,-0.020000000000001,1.07742107481404,1.19642266483338,0.028867313915859,1.44737471880534,0.348990033435712,1.40227448911628,0.235166693075976,0.778131500135508,2012,34.508193,-78.70899,106,/gpfs/accounts/rsbaucom_root/rsbaucom0/jlrifkin/IP_WGS_intermediates/Alignment/7570-SB-9_AAGCGACT-GGATTCGT_S9.bamI
10,19,McKinnon,2003,8,1,2.22,2,22,34.50819,-78.70899,2,22,10/6/22,5,15.1,10.18,53,157,11.9,2.181818182,6.45,14,8,45.0033333333333,41.83,0,1.25,5,3.65,0.976163811167016,0.830690193965343,-6.79895393650211,1.67527219665507,-0.148513093253863,-0.955052117949563,1.63353196238003,1.00846177225033,2003,34.508193,-78.70899,106,/gpfs/accounts/rsbaucom_root/rsbaucom0/jlrifkin/IP_WGS_intermediates/Alignment/7570-SB-10_TGATAGGC-ACTCAGAC_S10.bam
11,20,NewBildad,2016,7,1,2.24,2,24,35.83069,-85.777871,2,24,10/6/22,4,27.3,10.18,33,102.4,11.9,1.318181818,3.413636364,14,7,40.52,50.9275,0,1.57142857142857,2.15,-8.245,0.866256288369396,1.00795100748285,8.40361312305201,0.697224820704707,-0.87187614861338,0.0494294110182702,-1.12842035271545,-0.598432603827877,2016,35.830692,-85.777871,61,/gpfs/accounts/rsbaucom_root/rsbaucom0/jlrifkin/IP_WGS_intermediates/Alignment/7570-SB-11_AACACCAC-CTCACACC_S11.bam
12,19,McKinnon,2012,18,1,3.2,3,2,34.50819,-78.70899,3,2,,4,20.7,10.18,32,129,11.9,1.272727273,4.922727273,NA,18,46.27,54.4333333333333,0,1.25,2.5,0.566666666666667,0.999644538432833,1.07676226548887,-0.817907227615966,0.775379313645719,0.291642703319154,0.588142660234601,0.460076975375492,-0.0801014276474768,2012,34.508193,-78.70899,106,/gpfs/accounts/rsbaucom_root/rsbaucom0/jlrifkin/IP_WGS_intermediates/Alignment/7570-SB-12_ACCTCTTC-TATGCAAG_S12.bam
13,20,NewBildad,2003,4,1,3.3,3,3,35.83069,-85.777871,3,3,,4,24.6,10.18,29,113.2,11.9,1.136363636,4.027272727,NA,4,35.79,47.36,0,1.5,2.23333333333333,-0.465,0.776318112769443,0.940508907152729,0.866168104239315,0.748288247839263,-1.429687147473,0.058825947536952,0.019076248715751,-0.241915154604051,2003,35.830692,-85.777871,61,/gpfs/accounts/rsbaucom_root/rsbaucom0/jlrifkin/IP_WGS_intermediates/Alignment/7570-SB-13_GTCCGATC-GGATTGGC_S13.bam
14,19,McKinnon,2003,2,1,3.4,3,4,34.50819,-78.70899,3,4,10/6/22,3,13.2,10.18,37,143.2,11.9,1.545454545,5.909090909,NA,2,36.81,38.62,0,1.6,4.78,1.11,0.798442853619536,0.766943707648615,-2.067627087539,1.60156022000225,-1.29403413966112,-1.31848506578239,0.595178533333278,0.74274735431785,2003,34.508193,-78.70899,106,/gpfs/accounts/rsbaucom_root/rsbaucom0/jlrifkin/IP_WGS_intermediates/Alignment/7570-SB-14_GAGGACCA-ACCGGCAT_S14.bam
15,10,DuplinWest,2016,18,1,3.1,3,10,34.98316,-78.039309,3,10,,4,17,10.18,42,172,11.9,1.727272727,7.045454545,14,18,47.2966666666667,55.2333333333333,0,1,3.6,-1.08,1.01113116779149,1.09317154739521,1.10077649155805,1.16744621141253,0.0725641571128252,0.579224044416741,0.0324027452403593,0.450764155645013,2016,34.983161,-78.039309,68,/gpfs/accounts/rsbaucom_root/rsbaucom0/jlrifkin/IP_WGS_intermediates/Alignment/7570-SB-15_CGCTCTTA-ACGGTATG_S15.bam
16,14,HareRoad,2012,30,1,3.15,3,15,35.42476,-77.917121,3,15,10/6/22,5,32.9,10.18,31,67.8,11.9,1.181818182,1.586363636,9,30,47.675,55.4975,0,1.25,4.125,1.695,1.02999899221494,1.09781286887266,-2.44650485436893,1.27937586751544,0.282036727922006,0.722985779251438,0.966931899402803,0.47845835594237,2012,35.424763,-77.917121,116,/gpfs/accounts/rsbaucom_root/rsbaucom0/jlrifkin/IP_WGS_intermediates/Alignment/7570-SB-16_CTGAGCTC-GCTCTGAT_S16.bam
17,14,HareRoad,2003,12,1,3.16,3,16,35.42476,-77.917121,3,16,10/6/22,3,29.4,10.18,29,118.2,11.9,1.181818182,4.036363636,20,12,50.8516666666667,56.1983333333333,0,1.5,4.18,-1.585,1.10301955568168,1.11602688064058,2.95242246283722,1.40052755640364,0.680775880324397,0.441765397435023,-0.397929613633712,0.666882517544234,2003,35.424763,-77.917121,116,/gpfs/accounts/rsbaucom_root/rsbaucom0/jlrifkin/IP_WGS_intermediates/Alignment/7570-SB-17_ACGAATCC-TGGGTAAT_S17.bam
18,14,HareRoad,2003,7,1,4.5,4,5,35.42476,-77.917121,4,5,,3,13.9,10.17,27,109.4,11.7,1.142857143,4.547619048,12,7,40.61,49.07,0,1.6,1.86666666666667,1.51,0.880868358747333,0.974467315751359,-2.81271792989539,0.625434953417892,-0.778245214236154,0.14509758716752,0.770287951137987,-0.396078035228492,2003,35.424763,-77.917121,116,/gpfs/accounts/rsbaucom_root/rsbaucom0/jlrifkin/IP_WGS_intermediates/Alignment/7570-SB-18_GTCTGAGT-CACAAGTC_S18.bam
19,10,DuplinWest,2012,36,1,4.9,4,9,34.98316,-78.039309,4,9,,3,2.3,10.17,24,134.5,11.7,1,6.295238095,12,36,53.05,58.2266666666667,0,1.5,7.36,-0.0233333333333337,1.14612368195076,1.15179934192037,0.0336785329018323,2.28271669937299,0.520466725103,1.09843988206204,0.240317716783851,1.50832140629049,2012,34.983161,-78.039309,68,/gpfs/accounts/rsbaucom_root/rsbaucom0/jlrifkin/IP_WGS_intermediates/Alignment/7570-SB-19_CCTAAACT-CTCCTCGT_S19.bam
20,12,Florence,2012,29,1,4.13,4,13,34.14581,-79.865313,4,13,10/6/22,4,20.1,10.17,45,127.2,11.7,1.952380952,5.1,8,29,47.36,44.62,0,1,8.33333333333333,1.68,1.02319354528159,0.882641744386651,-2.42485436893204,2.5845977121524,0.223587916676089,-0.934981773506982,0.974539632716416,1.78526623663133,2012,34.145812,-79.865313,117,/gpfs/accounts/rsbaucom_root/rsbaucom0/jlrifkin/IP_WGS_intermediates/Alignment/7570-SB-20_TGTCACAC-CGAGATTA_S20.bam
21,19,McKinnon,2003,6,1,4.22,4,22,34.50819,-78.70899,4,22,10/6/22,4,15.5,10.17,40,133,11.7,1.714285714,5.595238095,14,6,44.81,57.76,0,1,4.66666666666667,-1.26666666666667,0.971970232835953,1.14703957933154,2.35945433412857,1.56358738354473,-0.146569336685766,0.48106767366621,-0.343739833586985,0.867895231590828,2003,34.508193,-78.70899,106,/gpfs/accounts/rsbaucom_root/rsbaucom0/jlrifkin/IP_WGS_intermediates/Alignment/7570-SB-21_GATATGAA-CTGCCGTA_S21.bam
22,10,DuplinWest,2016,6,1,5.7,5,7,34.98316,-78.039309,5,7,10/6/22,3,8.3,10.17,26,139.7,11.4,1.277777778,7.3,14,6,39.7366666666667,46.3233333333333,0,1.5,4.16666666666667,1.63333333333333,0.849509806980222,0.916825889809973,-1.66475457056619,1.35121089283858,-0.981046572541398,-0.517072495218723,1.02812141880394,0.333404061794232,2016,34.983161,-78.039309,68,/gpfs/accounts/rsbaucom_root/rsbaucom0/jlrifkin/IP_WGS_intermediates/Alignment/7570-SB-22_AAGTGTGG-GATGGGCA_S22.bam
23,10,DuplinWest,2016,15,1,5.8,5,8,34.98316,-78.039309,5,8,10/6/22,4,5.9,10.17,36,128.3,11.4,1.777777778,6.8,16,15,50.7633333333333,59.93,0,1.25,3.23333333333333,-3.43333333333333,1.08524325564146,1.18612741403853,3.49938205649629,1.04853965284274,0.55570135236873,1.15710725591931,-1.04229486462763,-0.373023938588987,2016,34.983161,-78.039309,68,/gpfs/accounts/rsbaucom_root/rsbaucom0/jlrifkin/IP_WGS_intermediates/Alignment/7570-SB-23_GTTGGCGT-GACTGCTG_S23.bam
24,18,Marion2,2012,4,1,5.23,5,23,34.15659,-79.27027,5,23,10/6/22,3,4.9,10.17,27,121.5,11.4,1.333333333,6.477777778,16,4,51.09,58.53,0,1.33333333333333,5.06666666666667,-1.13,1.10377867880989,1.1577996705278,1.63100323624595,1.57143540898866,0.553611685547975,1.15247975095535,-0.214401466497832,0.872431932204781,2012,34.156593,-79.27027,115,/gpfs/accounts/rsbaucom_root/rsbaucom0/jlrifkin/IP_WGS_intermediates/Alignment/7570-SB-24_TAGCTGGC-AGCCGGTA_S24.bam
25,10,DuplinWest,2012,32,1,6.5,6,5,34.98316,-78.039309,6,5,10/6/22,3,4.1,10.17,30,166.4,11.4,1.5,9.016666667,NA,32,45.515,51.3925,0.142857142857143,1.57142857142857,2.2,-0.490000000000001,0.98333307038622,1.01661061964121,0.707249190938513,0.682333796008233,0.0911044296324573,0.144650826463076,0.0515810407630923,-0.731409137285575,2012,34.983161,-78.039309,68,/gpfs/accounts/rsbaucom_root/rsbaucom0/jlrifkin/IP_WGS_intermediates/Alignment/7570-SB-25_ATTACCCA-CTACAGTG_S25.bam
26,18,Marion2,2012,5,1,6.7,6,7,34.15659,-79.27027,6,7,10/6/22,3,27.3,10.17,27,146.4,11.4,1.333333333,6.616666667,NA,5,50.2866666666667,57.5633333333333,0,1,5.26666666666667,-4.25333333333333,1.08642298874704,1.1386777441964,6.13911542610573,1.63346575408032,0.514528413097023,1.02076947750955,-1.24830075119943,0.92074746912658,2012,34.156593,-79.27027,115,/gpfs/accounts/rsbaucom_root/rsbaucom0/jlrifkin/IP_WGS_intermediates/Alignment/7570-SB-26_GACTTGTG-TCGTGCAC_S26.bam
27,14,HareRoad,2012,37,1,6.17,6,17,35.42476,-77.917121,6,17,10/6/22,3,14,10.17,22,102.5,11.4,1.055555556,4.916666667,7,37,40.5033333333333,52,0,1.33333333333333,0.2,0.853333333333336,0.875058049599982,1.02862776127534,-1.23167206040993,0.0620303450916575,-0.34975071554982,0.236731234071328,0.566535476962936,-1.91450582505556,2012,35.424763,-77.917121,116,/gpfs/accounts/rsbaucom_root/rsbaucom0/jlrifkin/IP_WGS_intermediates/Alignment/7570-SB-27_CAGGTAAG-ATTTCGAG_S27.bam
28,18,Marion2,2003,7,1,7.6,7,6,34.15659,-79.27027,7,6,10/6/22,2,3.8,10.17,24,75.5,11.3,1.294117647,4.217647059,16,7,43.3766666666667,53.56,0.5,1.5,2.66666666666667,-0.471666666666667,0.940879910726344,1.06363296172087,0.87858628494525,0.893478504882702,-0.386507511315637,0.391122379003935,0.0138760273517577,-0.162066765167776,2003,34.156593,-79.27027,115,/gpfs/accounts/rsbaucom_root/rsbaucom0/jlrifkin/IP_WGS_intermediates/Alignment/7570-SB-28_AAGGAGAC-GTTGTGAG_S28.bam
29,14,HareRoad,2012,33,1,7.7,7,7,35.42476,-77.917121,7,7,10/6/22,3,7.5,10.17,34,106.2,11.3,1.823529412,5.805882353,12,33,40.382,52.152,0,1.4,1.25,1.622,0.872436692262691,1.03163451934676,-2.34113915857605,0.387689656822859,-0.698199348084216,0.261491866220265,0.88049992674689,-1.02923632551967,2012,35.424763,-77.917121,116,/gpfs/accounts/rsbaucom_root/rsbaucom0/jlrifkin/IP_WGS_intermediates/Alignment/7570-SB-29_AGTCAGGT-GTGGTTAC_S29.bam
30,10,DuplinWest,2003,22,1,7.13,7,13,34.98316,-78.039309,7,13,10/6/22,3,5.6,10.17,26,115.2,11.3,1.352941176,6.447058824,16,22,42.1333333333333,44.3566666666667,0,2,6,0.913333333333333,0.913910863873126,0.880866555988272,-1.70129075671377,2.01032663598608,-0.568604345173784,-0.369566027498086,0.492057735460217,1.20763560017359,2003,34.983161,-78.039309,68,/gpfs/accounts/rsbaucom_root/rsbaucom0/jlrifkin/IP_WGS_intermediates/Alignment/7570-SB-30_ACCGTAAG-TGGATATG_S30.bam
31,20,NewBildad,2016,10,1,7.2,7,20,35.83069,-85.777871,7,20,10/6/22,4,11.4,10.17,31,140.9,11.3,1.588235294,7.617647059,14,10,46.4633333333333,58.58,0,2,1.05,-1.09333333333333,0.993315762058328,1.15940837501047,1.11436632478717,0.340505144995323,-0.0435745917467671,0.991001719610907,-0.0594175100179974,-1.37654098527217,2016,35.830692,-85.777871,61,/gpfs/accounts/rsbaucom_root/rsbaucom0/jlrifkin/IP_WGS_intermediates/Alignment/7570-SB-31_TATGACGT-GATTAGCG_S31.bam
32,10,DuplinWest,2003,15,1,8.6,8,6,34.98316,-78.039309,8,6,10/6/22,2,5.6,10.17,33,119.3,11.3,1.823529412,6.688235294,15,15,42.2883333333333,46.7433333333333,0,1.5,2.55,-2.485,0.917272956845444,0.928262697424177,4.62887685813911,0.854388820294085,-0.533041098239937,-1.92899977448723,-0.741687538291279,-0.128219061430727,2003,34.983161,-78.039309,68,/gpfs/accounts/rsbaucom_root/rsbaucom0/jlrifkin/IP_WGS_intermediates/Alignment/7570-SB-32_TTGGGTAC-GTTGGAAG_S32.bam
33,19,McKinnon,2012,20,1,8.8,8,8,34.50819,-78.70899,8,8,10/6/22,3,6,10.17,27,91.5,11.3,1.411764706,5.029411765,16,20,50.8066666666667,55.6,0,1.75,3,-0.1,1.09765737733544,1.09984045244056,0.144336569579287,0.930455176374863,0.516348429023178,0.749194789991795,0.20971873393962,0.0392799380704802,2012,34.508193,-78.70899,106,/gpfs/accounts/rsbaucom_root/rsbaucom0/jlrifkin/IP_WGS_intermediates/Alignment/7570-SB-33_TTCAATAG-TCGTGGGA_S33.bam
34,20,NewBildad,2016,2,1,8.12,8,12,35.83069,-85.777871,8,12,10/6/22,3,3.1,10.17,25,115.8,11.3,1.294117647,6.629411765,9,2,54.786,59.316,0,1.4,4.175,-1.372,1.17124178219659,1.17397519925095,1.3983938392756,1.35391331462426,1.11632632086375,1.08155999718349,-0.112635651967546,0.389590667612582,2016,35.830692,-85.777871,61,/gpfs/accounts/rsbaucom_root/rsbaucom0/jlrifkin/IP_WGS_intermediates/Alignment/7570-SB-34_GTTTGCTC-CTGTTGGT_S34.bam
35,20,NewBildad,2016,4,1,8.17,8,17,35.83069,-85.777871,8,17,10/6/22,3,4.5,10.17,32,106.2,11.4,1.611111111,5.65,11,4,46.6866666666667,55.6533333333333,0,1.5,3.16666666666667,-1.31,0.998090290794816,1.10148413731506,1.33520111476023,1.02692027855732,-0.0124494070523963,0.630901322379354,-0.0736131506455383,0.148536578851398,2016,35.830692,-85.777871,61,/gpfs/accounts/rsbaucom_root/rsbaucom0/jlrifkin/IP_WGS_intermediates/Alignment/7570-SB-35_AGAAGCCT-ATACTGAC_S35.bam
36,19,McKinnon,2012,30,1,8.19,8,19,34.50819,-78.70899,8,19,10/6/22,4,6.4,10.17,27,95.1,11.4,1.277777778,4.927777778,20,30,50.3116666666667,57.7983333333333,0,1.5,2.9,-2.65333333333333,1.08696310358303,1.14332635042524,3.82973031283711,0.899440003829035,0.494057085859131,1.05136999123515,-0.814898801508154,-0.168545787049255,2012,34.508193,-78.70899,106,/gpfs/accounts/rsbaucom_root/rsbaucom0/jlrifkin/IP_WGS_intermediates/Alignment/7570-SB-36_CTAGGTTG-GCTCGAAT_S36.bam
37,10,DuplinWest,2003,12,1,8.2,8,20,34.98316,-78.039309,8,20,10/6/22,5,35.3,10.17,37,127,11.4,1.777777778,5.094444444,15,12,51.43,52.6066666666667,0,1.4,2.93333333333333,0.393333333333333,1.11556413913754,1.04470098343781,-0.732672661650453,0.982826355370973,0.747680932789562,0.162238182689487,0.37427214495372,-0.080186925691448,2003,34.983161,-78.039309,68,/gpfs/accounts/rsbaucom_root/rsbaucom0/jlrifkin/IP_WGS_intermediates/Alignment/7570-SB-37_TGTGTCAG-TACAGGTG_S37.bam
38,10,DuplinWest,2003,21,1,9.4,9,4,34.98316,-78.039309,9,4,10/6/22,3,8.3,10.17,20,148.4,11.2,1.0625,8.75625,14,21,41.4225,46.53,0,1.25,3.3,-2.4625,0.898492233199001,0.924026170815381,4.58696549825657,1.10567964979235,-0.663373302351038,-0.112357974373533,-0.702521188939551,0.341743078038196,2003,34.983161,-78.039309,68,/gpfs/accounts/rsbaucom_root/rsbaucom0/jlrifkin/IP_WGS_intermediates/Alignment/7570-SB-38_AGAACCAG-AGAGTCGG_S38.bam
39,12,Florence,2003,8,1,9.5,9,5,34.14581,-79.865313,9,5,10/6/22,5,24.6,10.17,36,115.1,11.2,1.9375,5.65625,8,8,41.3066666666667,41.2533333333333,0,1.57142857142857,1.75,-2.98,0.895979701354096,0.819238332975941,5.55092677555514,0.586345268829274,-0.682251872380799,-0.767047128470554,-0.958095982018329,-0.552731213011382,2003,34.145812,-79.865313,117,/gpfs/accounts/rsbaucom_root/rsbaucom0/jlrifkin/IP_WGS_intermediates/Alignment/7570-SB-39_ATTGGACA-TCCAGCAA_S39.bam
40,10,DuplinWest,2016,3,1,9.6,9,6,34.98316,-78.039309,9,6,10/6/22,4,9.5,10.17,30,117,11.2,1.625,6.71875,16,3,46.585,53.9116666666667,0,1.5,4.725,-2.325,0.995916811295371,1.06701327832206,2.36972716932637,1.53227315247896,-0.0266183344132681,0.41660467368518,-0.574764145578809,0.851459480771628,2016,34.983161,-78.039309,68,/gpfs/accounts/rsbaucom_root/rsbaucom0/jlrifkin/IP_WGS_intermediates/Alignment/7570-SB-40_ACCCGTTG-CGAAGCTG_S40.bam
41,19,McKinnon,2003,3,1,9.8,9,8,34.50819,-78.70899,9,8,10/6/22,7,14.6,10.17,25,59.4,11.2,1.125,2.8,14,3,48.6533333333333,50.9433333333333,0,1.5,1.4,-4.88,1.0553356779345,1.01166931503485,9.09010827674803,0.469076215063419,0.344512808524949,0.288344941983983,-1.76010478360338,-0.732366544401715,2003,34.508193,-78.70899,106,/gpfs/accounts/rsbaucom_root/rsbaucom0/jlrifkin/IP_WGS_intermediates/Alignment/7570-SB-41_ACCGGAGT-CCTTCCTT_S41.bam
42,1,Billings,2012,32,1,9.1,9,10,35.77524,-85.903419,9,10,10/6/22,3,5.1,10.17,25,74.3,11.2,1.375,4.325,9,32,40.7733333333333,49.2,0,1.5,4.2,-1.72666666666667,0.880891289828572,0.973240112591283,2.49221143473571,1.30263724692481,-0.547518852195972,-0.192838881107746,-0.436672732512543,0.627776357441015,2012,35.775237,-85.903419,62,/gpfs/accounts/rsbaucom_root/rsbaucom0/jlrifkin/IP_WGS_intermediates/Alignment/7570-SB-42_CTTGACGA-TTGTGTGC_S42.bam
43,10,DuplinWest,2016,21,1,9.16,9,16,34.98316,-78.039309,9,16,10/6/22,3,3.5,10.17,16,65,11.2,0.8125,3.84375,16,21,44.3966666666667,44.9333333333333,0.2,1.6,4.46666666666667,-1.00333333333333,0.949133555840079,0.889315175551445,1.02263495049066,1.44849807712296,-0.331598688918557,-0.688099677047376,-0.00568274362742465,0.737573769244561,2016,34.983161,-78.039309,68,/gpfs/accounts/rsbaucom_root/rsbaucom0/jlrifkin/IP_WGS_intermediates/Alignment/7570-SB-43_GCCACGAC-ACCCGAGG_S43.bam
44,20,NewBildad,2003,2,1,9.17,9,17,35.83069,-85.777871,9,17,10/6/22,4,14.5,10.17,31,94.7,11.3,1.588235294,4.717647059,16,2,40.9433333333333,36.79,0,1.5,3.2,-1.24,0.888098666214684,0.730602252832536,2.30978161130483,1.07217420585924,-0.730815978028685,-2.13922464248042,-0.197624478650656,0.244988272636971,2003,35.830692,-85.777871,61,/gpfs/accounts/rsbaucom_root/rsbaucom0/jlrifkin/IP_WGS_intermediates/Alignment/7570-SB-44_TCTGGAAC-AGGTGCTA_S44.bam
45,14,HareRoad,2012,29,1,9.2,9,20,35.42476,-77.917121,9,20,10/6/22,3,9.4,10.17,27,108.2,11.3,1.411764706,5.811764706,15,29,41.5116666666667,47.4483333333333,0,1.5,1.98,-1.27833333333333,0.896842681317865,0.938589863325248,1.8451024811219,0.614100416407409,-0.336729573025963,-0.444357672925418,-0.264833278672956,-0.559452982627979,2012,35.424763,-77.917121,116,/gpfs/accounts/rsbaucom_root/rsbaucom0/jlrifkin/IP_WGS_intermediates/Alignment/7570-SB-45_CACTAGAC-AGTCCTCA_S45.bam
46,10,DuplinWest,2016,9,1,9.22,9,22,34.98316,-78.039309,9,22,10/6/22,3,3.5,10.17,35,98.9,11.3,1.882352941,5.611764706,12,9,33.7366666666667,44.4266666666667,0,1.6,1.33333333333333,0.683333333333334,0.721238885701437,0.879287289298936,-0.696478952991981,0.432387485708347,-1.81724556433046,-0.750440520303863,0.450794329608946,-0.863435635292915,2016,34.983161,-78.039309,68,/gpfs/accounts/rsbaucom_root/rsbaucom0/jlrifkin/IP_WGS_intermediates/Alignment/7570-SB-46_TTGCGTTA-TTCGGGAA_S46.bam
47,14,HareRoad,2003,6,1,10.3,10,3,35.42476,-77.917121,10,3,10/6/22,2,5,10.17,26,140.4,11.2,1.5,8.4625,16,6,50.3533333333333,50.54,0,1.33333333333333,3.2,-1.58333333333333,1.09221024601799,1.0036596319151,2.94931791766074,1.07217420585924,0.58990535780364,0.267175899928976,-0.331222662583998,0.304172452917672,2003,35.424763,-77.917121,116,/gpfs/accounts/rsbaucom_root/rsbaucom0/jlrifkin/IP_WGS_intermediates/Alignment/7570-SB-47_CCTATGCA-ATCGACTC_S47.bam
48,20,NewBildad,2003,10,1,10.4,10,4,35.83069,-85.777871,10,4,10/6/22,4,21.7,10.17,28,107.4,11.2,1.5,5.35625,11,10,54.61,50.6433333333333,0,1.57142857142857,3.45,-0.18,1.18454127237606,1.00571169949123,0.33529087906038,1.155937815692,1.20217960960131,0.253405083616184,0.130418370948349,0.441906631600586,2003,35.830692,-85.777871,61,/gpfs/accounts/rsbaucom_root/rsbaucom0/jlrifkin/IP_WGS_intermediates/Alignment/7570-SB-48_CAACCGAG-CACAGGTA_S48.bam
49,20,NewBildad,2016,3,1,10.9,10,9,35.83069,-85.777871,10,9,10/6/22,4,25.7,10.17,32,101.3,11.2,1.75,4.725,16,3,50.02,48.4375,0,1.6,1.6,1.97,1.06935191372747,0.958669224386641,-2.00789785960127,0.518864982850016,0.452105588385973,-0.25694302261723,0.94401556739565,-0.644129386735713,2016,35.830692,-85.777871,61,/gpfs/accounts/rsbaucom_root/rsbaucom0/jlrifkin/IP_WGS_intermediates/Alignment/7570-SB-49_TGTTCGCC-TCCTACCT_S49.bam
50,18,Marion2,2012,3,2,3.17,3,17,34.15659,-79.27027,3,17,,3,9.1,10.18,29,92.7,11.9,1.181818182,3.8,16,3,41.7333333333333,48.8333333333333,0,1,3.93333333333333,-2.10333333333333,0.901631699530226,0.965986968120753,3.03587918015103,1.21993012013593,-0.187066609497125,-0.220246979188664,-0.638992138871995,0.500762680000178,2012,34.156593,-79.27027,115,/gpfs/accounts/rsbaucom_root/rsbaucom0/jlrifkin/IP_WGS_intermediates/Alignment/7570-SB-50_ACAAGGCA-TTGCGCGA_S50.bam
51,10,DuplinWest,2003,2,1,10.18,10,18,34.98316,-78.039309,10,18,10/6/22,3,6.8,10.17,37,136.5,11.2,2.125,8.10625,16,2,43.175,48.4925,0,1.5,2.33333333333333,-2.0775,0.936505574708597,0.962998905829891,3.86981556248853,0.781793691772365,-0.421432017654219,-0.411581581504409,-0.553289794968827,-0.167502124873686,2003,34.983161,-78.039309,68,/gpfs/accounts/rsbaucom_root/rsbaucom0/jlrifkin/IP_WGS_intermediates/Alignment/7570-SB-51_TCAGCGCC-AGGAACAT_S51.bam
52,14,HareRoad,2012,8,1,10.23,10,23,35.42476,-77.917121,10,23,10/6/22,3,6,10.17,13,58.9,11.2,0.625,3.30625,16,8,41.85,47.0333333333333,0,1.57142857142857,1.6,0.115,0.904152235431469,0.930380622538147,-0.16598705501618,0.49624276073326,-0.481667979974429,-0.532922501314653,0.336344139995053,-0.785677174597438,2012,35.424763,-77.917121,116,/gpfs/accounts/rsbaucom_root/rsbaucom0/jlrifkin/IP_WGS_intermediates/Alignment/7570-SB-52_AGTCACAT-CCATAATG_S52.bam
53,20,NewBildad,2012,28,1,11.4,11,4,35.83069,-85.777871,11,4,10/6/22,4,16.3,10.17,37,107.3,11.1,2.2,6.066666667,12,28,42.5933333333333,48.1666666666667,0,1.8,2.55,-4.04,0.920211649887958,0.952799432719788,5.83119741100324,0.790886899918633,-0.474302244198082,-0.354980418100371,-1.40340818116757,-0.296350131619596,2012,35.830692,-85.777871,61,/gpfs/accounts/rsbaucom_root/rsbaucom0/jlrifkin/IP_WGS_intermediates/Alignment/7570-SB-53_CCTTTCAC-AAACAAGA_S53.bam
54,12,Florence,2003,9,3,7.8,7,8,34.14581,-79.865313,7,8,10/6/22,4,6.9,10.17,35,75.9,11.3,1.823529412,4.058823529,14,9,44.7233333333333,47.3766666666667,0,2,2.9,0.173333333333333,0.970090352894441,0.940839885794041,-0.322872698354437,0.971657874059939,-0.20286921369422,-0.0392411083449719,0.240296200528132,-0.128047953044727,2003,34.145812,-79.865313,117,/gpfs/accounts/rsbaucom_root/rsbaucom0/jlrifkin/IP_WGS_intermediates/Alignment/7570-SB-54_CTTTCCCT-AGTAAGCC_S54.bam
55,20,NewBildad,2016,11,1,11.1,11,10,35.83069,-85.777871,11,10,10/6/22,3,16.8,10.17,32,119.3,11.1,1.933333333,6.833333333,11,11,46.8866666666667,48.4933333333333,0,1.5,4.13333333333333,1.00666666666667,1.00236598817077,0.959774271062494,-1.02603240879794,1.34040120569587,0.0154238926739063,-0.250073225745215,0.790327298616759,0.463633307613234,2016,35.830692,-85.777871,61,/gpfs/accounts/rsbaucom_root/rsbaucom0/jlrifkin/IP_WGS_intermediates/Alignment/7570-SB-55_GACAATTC-CATATCGT_S55.bam
56,18,Marion2,2003,4,1,11.11,11,11,34.15659,-79.27027,11,11,10/6/22,3,6.6,10.17,27,121.9,11.1,1.6,7.686666667,20,4,51.3366666666667,54.275,0,1.5,3.74,1.63333333333333,1.11353965304668,1.07783194543316,-3.04245427295528,1.25310360309799,0.751054305551445,0.222639625126957,0.8700984373223,0.462912241671618,2003,34.156593,-79.27027,115,/gpfs/accounts/rsbaucom_root/rsbaucom0/jlrifkin/IP_WGS_intermediates/Alignment/7570-SB-56_ACACGACT-CTGCGGAT_S56.bam
57,12,Florence,2003,13,1,11.13,11,13,34.14581,-79.865313,11,13,10/6/22,3,12.5,10.17,20,93.6,11.1,1.133333333,5.406666667,11,13,57.6833333333333,53.2966666666667,0,1.5,3.8,-0.215,1.25120470722503,1.05840349918813,0.400486327766561,1.27320686945785,1.65350778604385,0.4066033552805,0.126694315110822,0.561543855062515,2003,34.145812,-79.865313,117,/gpfs/accounts/rsbaucom_root/rsbaucom0/jlrifkin/IP_WGS_intermediates/Alignment/7570-SB-57_CCTGTCAA-ACAGCCAT_S57.bam
58,10,DuplinWest,2003,20,1,11.22,11,22,34.98316,-78.039309,11,22,10/6/22,3,4.4,10.17,15,68.1,11.1,0.8,4.246666667,14,20,56.555,48.9825,0,1.75,3.6,-1.0625,1.22673011644806,0.972729677884471,1.97914755000918,1.20619598159165,1.49368044979455,0.154324600978049,-0.188257497884058,0.455167749493603,2003,34.983161,-78.039309,68,/gpfs/accounts/rsbaucom_root/rsbaucom0/jlrifkin/IP_WGS_intermediates/Alignment/7570-SB-58_CCATCCGC-TACGCCTT_S58.bam
59,12,Florence,2003,NA,1,11.24,11,24,34.14581,-79.865313,11,24,10/6/22,3,7.7,10.17,17,64.8,11.1,0.933333333,3.806666667,14,NA,46.25,42.6833333333333,0,1.5,2.23333333333333,-0.279999999999999,1.00320516109491,0.847636300400527,0.521563589649477,0.748288247839263,0.00564602393492314,-0.521119101092304,0.148450859384802,-0.241191341885458,2003,34.145812,-79.865313,117,/gpfs/accounts/rsbaucom_root/rsbaucom0/jlrifkin/IP_WGS_intermediates/Alignment/7570-SB-59_GGTGTGAG-GTGGTGTT_S59.bam
60,12,Florence,2003,2,1,12.5,12,5,34.14581,-79.865313,12,5,10/6/22,5,37.2,10.17,33,104.8,11.1,1.866666667,4.506666667,8,2,49.0766666666667,48.2433333333333,0,1.75,3.4,-1.04666666666667,1.06451816841804,0.958050775142274,1.94965437083257,1.13918509372545,0.408036578001032,0.0388863365784,-0.210103846682255,0.374944421013152,2003,34.145812,-79.865313,117,/gpfs/accounts/rsbaucom_root/rsbaucom0/jlrifkin/IP_WGS_intermediates/Alignment/7570-SB-60_CTTGCATA-GAAGAGGT_S60.bam
61,12,Florence,2012,8,1,12.6,12,6,34.14581,-79.865313,12,6,10/6/22,7,23.6,10.17,39,101,11.1,2.133333333,5.16,9,8,43.18,51.08,0,1.6,2.8,-2.85666666666667,0.932886344705635,1.01042896242201,4.12321467098166,0.868424831283208,0.0144781435570868,0.104955500146219,-0.885490263396234,-0.0347797492118677,2012,34.145812,-79.865313,117,/gpfs/accounts/rsbaucom_root/rsbaucom0/jlrifkin/IP_WGS_intermediates/Alignment/7570-SB-61_GCCAATCC-GATCGGAC_S61.bam
62,18,Marion2,2003,2,1,12.12,12,12,34.15659,-79.27027,12,12,10/6/22,4,19.1,10.17,30,107.1,11.1,1.733333333,5.866666667,12,2,49.8575,47.5575,0,1.5,3.36666666666667,1.7,1.08145516366031,0.944431004052279,-3.16663608001468,1.12801661241441,0.517256538370895,-0.133856853326831,0.841051207060203,0.253846173780168,2003,34.156593,-79.27027,115,/gpfs/accounts/rsbaucom_root/rsbaucom0/jlrifkin/IP_WGS_intermediates/Alignment/7570-SB-62_ATGCCGGT-TGGTCCTC_S62.bam
63,19,McKinnon,2012,6,1,12.15,12,15,34.50819,-78.70899,12,15,10/6/22,3,3.2,10.17,28,88,11.1,1.666666667,5.653333333,13,6,61.96,45.19,0,1.5,1.53333333333333,-2.13666666666667,1.33862060949424,0.893917087154476,3.08399137001079,0.475565979036041,0.81806993748836,-0.76881123094994,-0.598324576195427,-0.751909188676213,2012,34.508193,-78.70899,106,/gpfs/accounts/rsbaucom_root/rsbaucom0/jlrifkin/IP_WGS_intermediates/Alignment/7570-SB-63_CATACCGT-TAAGAGCG_S63.bam
64,14,HareRoad,2003,13,1,12.19,12,19,35.42476,-77.917121,12,19,10/6/22,5,28.1,10.17,43,124.1,11.1,2.533333333,6.4,14,13,47.86,50.862,0,1.5,3.25,-0.496000000000001,1.03812754616221,1.01005413926525,0.923912644521929,1.08892692782579,0.241467536026823,0.243410981194721,0.0333111419066406,0.132711862067019,2003,35.424763,-77.917121,116,/gpfs/accounts/rsbaucom_root/rsbaucom0/jlrifkin/IP_WGS_intermediates/Alignment/7570-SB-64_ATCAGAGC-GAGCTCAG_S64.bam
65,10,DuplinWest,2012,22,1,13.1,13,10,34.98316,-78.039309,13,10,10/6/22,4,25.5,10.17,17,60.7,11.1,0.866666667,2.346666667,20,22,51.9533333333333,48.5866666666667,0,1.75,2.33333333333333,-1.13,1.12243064447908,0.961107580022396,1.63100323624595,0.723687359402671,0.524837423360051,-0.261786423646669,-0.160009078307703,-0.223235052059545,2012,34.983161,-78.039309,68,/gpfs/accounts/rsbaucom_root/rsbaucom0/jlrifkin/IP_WGS_intermediates/Alignment/7570-SB-65_ATGGCTGT-TTGACAGG_S65.bam
66,19,McKinnon,2003,5,1,13.12,13,12,34.50819,-78.70899,13,12,10/6/22,4,24.4,10.17,31,126.4,11.1,1.8,6.8,12,5,53.6,50.3833333333333,0,2,1.93333333333333,0.2,1.16263344074999,1.00054843268676,-0.3725454211782,0.647771916039959,1.05606420531384,0.270365668531889,0.106276112692897,-0.384639474876278,2003,34.508193,-78.70899,106,/gpfs/accounts/rsbaucom_root/rsbaucom0/jlrifkin/IP_WGS_intermediates/Alignment/7570-SB-66_AAGGCGTA-GCGGATGG_S66.bam
67,10,DuplinWest,2003,14,1,13.14,13,14,34.98316,-78.039309,13,14,10/6/22,4,14.8,10.17,38,108.6,11.1,2.266666667,6.253333333,14,14,48.2866666666667,52.55,0,1.75,4.1,-2.35333333333333,1.04738233972042,1.04357565605735,4.38361778919679,1.37372320125716,0.293364448317088,0.242752872364542,-0.654297045153907,0.632324454646823,2003,34.983161,-78.039309,68,/gpfs/accounts/rsbaucom_root/rsbaucom0/jlrifkin/IP_WGS_intermediates/Alignment/7570-SB-67_ACGAGGAG-AGTTTAGG_S67.bam
68,18,Marion2,2012,1,3,12.16,12,16,34.15659,-79.27027,12,16,10/6/22,4,5.5,10.17,23,78.5,11.1,1.266666667,4.866666667,13,1,48.91,49.4633333333333,0,1,NA,-13.5466666666667,1.05668066511238,0.978449189074666,19.5527939590075,NA,0.407440483681243,-0.12662803862609,-2.06132228210208,NA,2012,34.156593,-79.27027,115,/gpfs/accounts/rsbaucom_root/rsbaucom0/jlrifkin/IP_WGS_intermediates/Alignment/7570-SB-68_TAATCTCG-GTGTGACA_S68.bam
69,10,DuplinWest,2012,20,2,7.9,7,9,34.98316,-78.039309,7,9,10/6/22,3,4.8,10.17,32,92,11.3,1.705882353,5.129411765,14,20,46.6833333333333,52.3566666666667,0,1.8,0.925,-0.78,1.00857443705438,1.03568309271486,1.12582524271844,0.286890346048916,0.116263783141274,0.290267982894386,-0.046150361827491,-1.4383631975729,2012,34.983161,-78.039309,68,/gpfs/accounts/rsbaucom_root/rsbaucom0/jlrifkin/IP_WGS_intermediates/Alignment/7570-SB-69_TACGGCAG-TTCATATC_S69.bam
70,12,Florence,2003,10,3,8.16,8,16,34.14581,-79.865313,8,16,10/6/22,3,3,10.17,28,99,11.4,1.388888889,5.333333333,14,10,49.34,56.68,0,1.5,3.16666666666667,-1.82666666666667,1.07023011131725,1.12559216337451,3.40258151342754,1.06100572454821,0.457630793912139,0.528050471502933,-0.447992748357128,0.250659086546418,2003,34.145812,-79.865313,117,/gpfs/accounts/rsbaucom_root/rsbaucom0/jlrifkin/IP_WGS_intermediates/Alignment/7570-SB-70_TGCCCATC-CCACACTT_S70.bam
71,14,HareRoad,2003,8,4,2.18,2,18,35.42476,-77.917121,2,18,10/6/22,4,36.3,10.18,39,163,11.9,1.590909091,5.759090909,16,8,50.9933333333333,53.7916666666667,0,1.5,5.66666666666667,-0.288333333333334,1.10609243635531,1.0682335648351,0.537086315531897,1.89864182287574,0.682461919134159,0.324978175902834,0.219799375808063,1.20695373771882,2003,35.424763,-77.917121,116,/gpfs/accounts/rsbaucom_root/rsbaucom0/jlrifkin/IP_WGS_intermediates/Alignment/7570-SB-71_CAGCAGTC-ACGCCAAC_S71.bam
72,10,DuplinWest,2012,18,4,5.11,5,11,34.98316,-78.039309,5,11,10/6/22,4,16.8,10.17,25,106.2,11.4,1.166666667,4.966666667,14,18,50.66,56.5633333333333,0,1,4.46666666666667,-0.570000000000003,1.09448870363102,1.11889644109495,0.822718446601943,1.38534437371369,0.506132971578591,0.872716400913116,0.0578288809534953,0.688723970710825,2012,34.983161,-78.039309,68,/gpfs/accounts/rsbaucom_root/rsbaucom0/jlrifkin/IP_WGS_intermediates/Alignment/7570-SB-72_TACCGGCT-GCCAGCTA_S72.bam
73,12,Florence,2012,37,3,10.22,10,22,34.14581,-79.865313,10,22,10/6/22,3,3,10.17,33,72.5,11.2,1.875,4.34375,14,37,39.4233333333333,37.8466666666667,0,1.5,0.975,1.6,0.851725088685622,0.748656384712836,-2.30938511326861,0.30239793232183,-0.741488310859447,-1.95991671397702,0.922658458105101,-1.22290593732157,2012,34.145812,-79.865313,117,/gpfs/accounts/rsbaucom_root/rsbaucom0/jlrifkin/IP_WGS_intermediates/Alignment/7570-SB-73_AGGTAGGA-GGCGAACA_S73.bam
74,10,DuplinWest,2003,13,1,14.21,14,21,34.98316,-78.039309,14,21,10/6/22,5,3.4,10.17,24,112.6,11.1,1.266666667,7.28,19,13,44.35,49.935,0,1.5,4.66666666666667,3.605,0.961992408531008,0.991645107235462,-6.71513121673701,1.56358738354473,-0.250044565134231,0.157260748322792,1.49567021618796,0.898991916920741,2003,34.983161,-78.039309,68,/gpfs/accounts/rsbaucom_root/rsbaucom0/jlrifkin/IP_WGS_intermediates/Alignment/7570-SB-74_TCGCGCAA-TGCCTTGT_S74.bam
75,19,McKinnon,2012,27,2,8.9,8,9,34.50819,-78.70899,8,9,10/6/22,3,6,10.17,23,105.5,11.3,1.176470588,5.852941176,16,27,45.2,50.718,0,1.66666666666667,2.66666666666667,-3.708,0.976527623452865,1.00326813069928,5.352,0.827071267888767,0.0986886943000756,0.0326790148024608,-1.07918086811398,-0.216504712405511,2012,34.508193,-78.70899,106,/gpfs/accounts/rsbaucom_root/rsbaucom0/jlrifkin/IP_WGS_intermediates/Alignment/7570-SB-75_CTCGAAAT-CTTACCTG_S75.bam
76,20,NewBildad,2012,2,4,6.1,6,1,35.83069,-85.777871,6,1,10/6/22,3,3.9,10.17,29,188.8,11.4,1.444444444,10.27222222,NA,2,56.5533333333333,58.6733333333333,0,1.5,2.025,-1.54333333333333,1.22181177429951,1.16063499063901,2.22759439050701,0.628057244053032,0.726645756154883,1.16877244248173,-0.356319644382403,-0.487534321411988,2012,35.830692,-85.777871,61,/gpfs/accounts/rsbaucom_root/rsbaucom0/jlrifkin/IP_WGS_intermediates/Alignment/7570-SB-76_CTCACAAC-GTCTCCTT_S76.bam
77,14,HareRoad,2012,14,2,18.1,18,1,35.42476,-77.917121,18,1,10/6/22,2,3.6,10.18,9,70.1,10.31,0.538461539,5.115384615,16,14,40.61,52.18,0,2,1.6,-1.43,0.877362539566833,1.0321883958336,2.06401294498382,0.49624276073326,-0.924692541553039,0.254578376294177,-0.289349135123185,-0.73197848952746,2012,35.424763,-77.917121,116,/gpfs/accounts/rsbaucom_root/rsbaucom0/jlrifkin/IP_WGS_intermediates/Alignment/7570-SB-77_GTAACCAC-ACCTGACT_S77.bam
78,12,Florence,2012,35,4,1.14,1,14,34.14581,-79.865313,1,14,10/6/22,3,6,10.18,27,102.5,11.7,1.2,4.825,9,35,51.4375,50.3275,0,1.4,2.13333333333333,2.435,1.11128627503001,0.995543531838169,-3.51459546925565,0.661657014311013,0.570661895582484,-0.00621816614883063,0.872309416124494,-0.357350522700165,2012,34.145812,-79.865313,117,/gpfs/accounts/rsbaucom_root/rsbaucom0/jlrifkin/IP_WGS_intermediates/Alignment/7570-SB-78_CATATCCA-CTTACGGT_S78.bam
79,14,HareRoad,2003,5,3,9.18,9,18,35.42476,-77.917121,9,18,10/6/22,3,8,10.17,34,117.4,11.3,1.823529412,6.435294118,14,5,48.808,52.642,0,1.5,1.3,1.4,1.05869054059936,1.04540265815739,-2.60781794824738,0.435570771130318,0.377393284709527,0.188635071004137,0.730636917580042,-0.85447271040797,2003,35.424763,-77.917121,116,/gpfs/accounts/rsbaucom_root/rsbaucom0/jlrifkin/IP_WGS_intermediates/Alignment/7570-SB-79_CGCTAATC-ACGTCATA_S79.bam
80,1,Billings,2003,3,4,2.7,2,7,35.77524,-85.903419,2,7,10/6/22,4,13.9,10.18,41,93.9,11.8,1.761904762,3.80952381,9,3,41.645,59.35,0,1.66666666666667,0.75,-0.094999999999995,0.903318463433455,1.17861494171272,0.176959075059635,0.25129082949826,-0.594263986701652,0.590999715759445,0.214099408145947,-1.47750880811172,2003,35.775237,-85.903419,62,/gpfs/accounts/rsbaucom_root/rsbaucom0/jlrifkin/IP_WGS_intermediates/Alignment/7570-SB-81_AAGGAAGG-ACTCCGGT_S80.bam
81,19,McKinnon,2003,4,3,6.12,6,12,34.50819,-78.70899,6,12,10/6/22,3,4,10.17,22,108.2,11.4,1.055555556,5.788888889,17,4,42.1633333333333,50.4233333333333,0.25,1.5,4.8,-1.89333333333333,0.914561591545189,1.00134278142591,3.52676332048694,1.60826130878887,-0.560557787086427,0.253796680443468,-0.576380888705,0.80071852602667,2003,34.508193,-78.70899,106,/gpfs/accounts/rsbaucom_root/rsbaucom0/jlrifkin/IP_WGS_intermediates/Alignment/7570-SB-82_GCACACAA-TCGTCAAG_S81.bam
82,18,Marion2,2012,8,3,11.7,11,7,34.15659,-79.27027,11,7,10/6/22,3,14.4,10.17,15,67.6,11.1,0.8,3.546666667,16,8,46.1933333333333,48.8266666666667,0,1.6,2.2,-0.610000000000001,0.997988186269157,0.965855092766745,0.88045307443366,0.682333796008233,-0.0581414244891784,-0.249196374012171,0.0394668738177787,-0.25398562402406,2012,34.156593,-79.27027,115,/gpfs/accounts/rsbaucom_root/rsbaucom0/jlrifkin/IP_WGS_intermediates/Alignment/7570-SB-83_GTCAGTAT-AGGCTTCT_S82.bam
83,12,Florence,2003,11,4,7.1,7,10,34.14581,-79.865313,7,10,10/6/22,3,6.6,10.17,27,117.7,11.3,1.411764706,6.535294118,14,11,46.4533333333333,52.3,0,1.6,2.83333333333333,-1.34666666666667,1.00761564864999,1.03861097643766,2.50847250259987,0.949320911437871,0.035455294197115,0.363695597743346,-0.28825434376345,0.0858716848547443,2003,34.145812,-79.865313,117,/gpfs/accounts/rsbaucom_root/rsbaucom0/jlrifkin/IP_WGS_intermediates/Alignment/7570-SB-84_ATTCGAGC-CAACCTAG_S83.bam
84,14,HareRoad,2012,35,3,3.1,3,1,35.42476,-77.917121,3,1,,3,8,10.18,34,138.9,11.9,1.409090909,5.95,NA,35,45.5633333333333,51.5,0.2,1.4,2.93333333333333,1.32,0.984377292402449,1.01873710972462,-1.9052427184466,0.909778394677644,0.240489521569841,0.170577777300162,0.804184197177798,0.045467810309146,2012,35.424763,-77.917121,116,/gpfs/accounts/rsbaucom_root/rsbaucom0/jlrifkin/IP_WGS_intermediates/Alignment/7570-SB-85_CACCTGTA-CTGACACA_S84.bam
85,12,Florence,2003,7,2,6.2,6,2,34.14581,-79.865313,6,2,10/6/22,3,6.1,10.17,19,76.5,11.4,0.888888889,3.911111111,NA,7,40.9366666666667,49.32,0,1.5,4.65,-2.3775,0.887954060065337,0.979431995371044,4.42863369425582,1.55800314288921,-0.717376615561111,-0.416810851133561,-0.619053061087492,0.872639986691032,2003,34.145812,-79.865313,117,/gpfs/accounts/rsbaucom_root/rsbaucom0/jlrifkin/IP_WGS_intermediates/Alignment/7570-SB-86_CCGACTCT-CTGGTTCT_S85.bam
86,10,DuplinWest,2012,29,3,11.21,11,21,34.98316,-78.039309,11,21,10/6/22,3,4.5,10.17,23,87.4,11.1,1.333333333,5.526666667,18,29,53.7333333333333,51.0466666666667,0,1.6,1.9,-0.973333333333332,1.1608868208009,1.00976958565196,1.40487594390506,0.589288278370746,0.475814369059925,0.090121800414637,-0.136935895814637,-0.46679432523978,2012,34.983161,-78.039309,68,/gpfs/accounts/rsbaucom_root/rsbaucom0/jlrifkin/IP_WGS_intermediates/Alignment/7570-SB-87_TTGCTGGA-TGTCCAAT_S86.bam
87,10,DuplinWest,2016,2,4,5.2,5,20,34.98316,-78.039309,5,20,10/6/22,3,14.8,10.17,33,98.1,11.7,1.428571429,3.966666667,NA,2,52.9433333333333,57.8233333333333,0,1,6.46666666666667,-1.45666666666666,1.13184835703942,1.14443251856758,1.48468928028046,2.09707930568548,0.859520319385424,0.897900591852863,-0.143590253263293,1.34745927196906,2016,34.983161,-78.039309,68,/gpfs/accounts/rsbaucom_root/rsbaucom0/jlrifkin/IP_WGS_intermediates/Alignment/7570-SB-89_TCCCACGA-CTATTGAA_S87.bam
88,12,Florence,2012,25,2,10.12,10,12,34.14581,-79.865313,10,12,10/6/22,3,7.5,10.17,37,98,11.2,2.125,5.65625,17,25,46.86,42.6,0,1,3.73333333333333,-3.42,1.01239124856198,0.842683512121723,4.93631067961165,1.15789977504427,0.148898828413244,-1.19239390104412,-1.13661553005717,0.35039167850471,2012,34.145812,-79.865313,117,/gpfs/accounts/rsbaucom_root/rsbaucom0/jlrifkin/IP_WGS_intermediates/Alignment/7570-SB-90_ACCAACAG-GAGCAAAC_S88.bam
89,18,Marion2,2012,6,2,2.4,2,4,34.15659,-79.27027,2,4,10/6/22,4,37.8,10.18,33,123.1,11.8,1.380952381,4.061904762,16,6,50.87,48.585,0,1.33333333333333,4.73333333333333,0.504999999999999,1.09902566825326,0.961074611183893,-0.728899676375403,1.46805150050256,0.539789815501505,-0.299637688222995,0.483735509231177,0.518554672388502,2012,34.156593,-79.27027,115,/gpfs/accounts/rsbaucom_root/rsbaucom0/jlrifkin/IP_WGS_intermediates/Alignment/7570-SB-91_CCTCGGGT-GTCGTGGC_S89.bam
90,18,Marion2,2003,1,3,9.14,9,14,34.15659,-79.27027,9,14,10/6/22,3,5,10.17,31,94,11.2,1.75,5.5625,9,1,51.08,55.93,0,1.5,3.46666666666667,0.513333333333334,1.10797231629682,1.11069812451546,-0.956199914357378,1.16152205634751,0.693518474345273,0.507226718662692,0.389306266471712,0.444095935122745,2003,34.156593,-79.27027,115,/gpfs/accounts/rsbaucom_root/rsbaucom0/jlrifkin/IP_WGS_intermediates/Alignment/7570-SB-92_TAGCACCT-GTTCCAGA_S90.bam
91,20,NewBildad,2016,1,3,7.21,7,21,35.83069,-85.777871,7,21,10/6/22,4,10.8,10.17,23,105.2,11.3,1.117647059,5.552941176,6,1,37.49,47.3166666666667,0.2,1.8,1.1,-1.25333333333333,0.801479473123611,0.93648582469976,1.27744432353651,0.356719675709386,-1.29415663946686,-0.394851631465873,-0.0505747301378393,-1.13870338611469,2016,35.830692,-85.777871,61,/gpfs/accounts/rsbaucom_root/rsbaucom0/jlrifkin/IP_WGS_intermediates/Alignment/7570-SB-93_TGAGGACT-GTCTAGTG_S91.bam
92,12,Florence,2012,42,2,2.3,2,3,34.14581,-79.865313,2,3,10/6/22,4,24.1,10.18,48,137,11.8,2.095238095,5.376190476,14,42,38.4966666666667,41.9166666666667,0,1.4,3.06666666666667,2.01666666666667,0.831704832098609,0.829166288335733,-2.91078748651564,0.951131958072081,-1.06714675573708,-1.28215661601231,1.10143523693545,-0.149812329177094,2012,34.145812,-79.865313,117,/gpfs/accounts/rsbaucom_root/rsbaucom0/jlrifkin/IP_WGS_intermediates/Alignment/7570-SB-94_TTCCCGAA-TAACGCAA_S92.bam
93,20,NewBildad,2012,6,4,5.15,5,15,35.83069,-85.777871,5,15,10/6/22,4,6.1,10.17,29,91.7,11.4,1.388888889,4.755555556,19,6,51.19,56.2033333333333,0,1.5,10.3333333333333,-1.99333333333333,1.10593913815381,1.11177517197843,2.87710895361381,3.20490116306897,0.480326122898083,0.827273921952205,-0.534871811874394,1.79991955422467,2012,35.830692,-85.777871,61,/gpfs/accounts/rsbaucom_root/rsbaucom0/jlrifkin/IP_WGS_intermediates/Alignment/7570-SB-95_GAGTCGAT-TGCATAGG_S93.bam
94,20,NewBildad,2016,5,3,9.13,9,13,35.83069,-85.777871,9,13,10/6/22,3,3.2,10.17,24,80.1,11.3,1.235294118,4.523529412,16,5,42.2666666666667,39.0433333333333,0,1,2.7,-2.51333333333333,0.90359737878611,0.772740997866029,2.56168356368757,0.875584658559401,-0.628449331003675,-1.41281197990404,-0.633273087034692,-0.107853691053,2016,35.830692,-85.777871,61,/gpfs/accounts/rsbaucom_root/rsbaucom0/jlrifkin/IP_WGS_intermediates/Alignment/7570-SB-96_TACCTGTG-CTCGGTTG_S94.bam
95,1,Billings,2012,18,4,2.6,2,6,35.77524,-85.903419,2,6,10/6/22,4,8.1,10.18,28,118.3,11.8,1.142857143,5.247619048,8,18,40.9833333333333,45.74,0,1.4,3.5,2.00333333333333,0.885428254450809,0.904796803860272,-2.89154261057174,1.08553103910401,-0.510351368948334,-0.692601826525929,1.12115274850517,0.311729357769875,2012,35.775237,-85.903419,62,NA
96,1,Billings,2003,8,4,5.14,5,14,35.77524,-85.903419,5,14,10/6/22,4,6.2,10.17,41,98.5,11.4,2.055555556,5.127777778,14,8,45.765,50.615,0,1.57142857142857,0.12,1.9125,0.992685063729911,1.005149035801,-3.56246559001652,0.0402065327197216,-0.0509764332587703,0.245589600926005,0.946404138573384,-2.06298516435208,2003,35.775237,-85.903419,62,NA
