PopNumber,PopName,Year,ML,Rep,Plant_ID,ShelfNumber,ShelfPlacement,SEEWRITTENDATA.GerminationDate,LC1,H1,LCH1_Date,LC2,H2,LCH2_Date,GrowthRate_LC (LC2-LC1)/days,GrowthRate_H (H2-H1)/days,FirstFlower_DayInDec
19,Mckinnon,2003,7,1,1.1,1,1,10/6/22,4,6.2,10.18,29,140.4,11.7,1.25,6.71,14
15,Horry1,2012,8,2,1.2,1,2,,3,18.1,10.18,28,126,11.7,1.25,5.395,6
12,Florence,2012,16,4,1.3,1,3,10/6/22,3,17,10.18,27,102,11.7,1.2,4.25,6
12,Florence,2012,16,2,1.4,1,4,10/6/22,4,28.7,10.18,29,113.6,11.7,1.25,4.245,12
14,HareRd,2003,10,1,1.5,1,5,10/6/22,3,13.8,10.18,36,146,11.7,1.65,6.61,9
18,Marion2,2003,5,1,1.6,1,6,10/6/22,4,33.7,10.18,37,131.6,11.7,1.65,4.895,13
18,Marion2,2003,4,4,1.7,1,7,,5,11.7,10.18,36,126.3,11.7,1.55,5.73,13
19,McKinnon,2012,30,4,1.8,1,8,,4,8.1,10.18,45,107.9,11.7,2.05,4.99,12
19,Mckinnon,2003,2,2,1.9,1,9,,3,8.7,10.18,19,88.2,11.7,0.8,3.975,14
15,Horry1,2012,5,4,1.1,1,10,10/6/22,4,29.2,10.18,29,128.6,11.7,1.25,4.97,13
12,Florence,2012,16,1,1.11,1,11,10/6/22,3,36,10.18,39,154.3,11.7,1.8,5.915,9
15,Horry1,2012,37,1,1.12,1,12,,4,29,10.18,42,127.2,11.7,1.9,4.91,12
10,DuplinWest,2003,12,3,1.13,1,13,10/6/22,4,41.5,10.18,43,137.5,11.7,1.95,4.8,13
12,Florence,2012,35,4,1.14,1,14,10/6/22,3,6,10.18,27,102.5,11.7,1.2,4.825,9
18,Marion2,2003,5,4,1.16,1,16,,3,17.7,10.18,31,125.9,11.7,1.4,5.41,10
15,Horry1,2012,24,4,1.17,1,17,,3,5.1,10.18,25,98.3,11.8,1.047619048,4.438095238,14
12,Florence,2003,8,4,1.18,1,18,10/6/22,3,26.3,10.18,43,113.1,11.7,2,4.34,13
15,Horry1,2012,5,1,1.19,1,19,10/6/22,4,27.5,10.18,32,142.1,11.8,1.333333333,5.457142857,9
20,NewBildad,2016,10,3,1.2,1,20,10/6/22,4,15.4,10.18,33,128.6,11.8,1.380952381,5.39047619,10
32,WalnutGrove,2012,14,1,1.21,1,21,10/6/22,4,9.5,10.18,31,149,11.8,1.285714286,6.642857143,11
12,Florence,2012,20,1,1.22,1,22,10/6/22,4,18.4,10.18,39,114.9,11.8,1.666666667,4.595238095,6
32,WalnutGrove,2012,18,2,1.23,1,23,10/6/22,4,6.2,10.18,21,98.1,11.8,0.80952381,4.376190476,NA
10,DuplinWest,2016,3,4,1.24,1,24,10/6/22,4,6.3,10.18,32,96.1,11.8,1.333333333,4.276190476,14
14,HareRoad,2012,9,1,2.1,2,1,,3,23.6,10.18,36,124.5,11.8,1.571428571,4.804761905,16
18,Marion2,2003,2,4,2.2,2,2,10/6/22,3,22.9,10.18,26,121,11.8,1.095238095,4.671428571,16
12,Florence,2012,42,2,2.3,2,3,10/6/22,4,24.1,10.18,48,137,11.8,2.095238095,5.376190476,14
18,Marion2,2012,6,2,2.4,2,4,10/6/22,4,37.8,10.18,33,123.1,11.8,1.380952381,4.061904762,16
14,HareRd,2003,12,4,2.5,2,5,10/6/22,4,47.4,10.18,33,161.4,11.8,1.380952381,5.428571429,14
1,Billings,2012,18,4,2.6,2,6,10/6/22,4,8.1,10.18,28,118.3,11.8,1.142857143,5.247619048,8
1,Billings,2003,3,4,2.7,2,7,10/6/22,4,13.9,10.18,41,93.9,11.8,1.761904762,3.80952381,9
1,Billings,2003,5,1,2.8,2,8,10/6/22,4,11.8,10.18,31,104.9,11.8,1.285714286,4.433333333,12
12,Florence,2012,42,4,2.9,2,9,10/6/22,6,30.9,10.18,44,145.9,11.8,1.80952381,5.476190476,9
15,Horry1,2012,8,4,2.1,2,10,,3,8.9,10.18,34,130.6,11.8,1.476190476,5.795238095,12
18,Marion2,2012,4,3,2.11,2,11,10/6/22,4,10.7,10.18,38,102.2,11.8,1.619047619,4.357142857,12
19,McKinnon,2012,32,2,2.12,2,12,10/6/22,4,8.7,10.18,38,131.5,11.8,1.619047619,5.847619048,20
10,DuplinWest,2016,18,3,2.13,2,13,10/6/22,4,8.8,10.18,45,127.2,11.9,1.863636364,5.381818182,16
10,DuplinWest,2003,12,4,2.14,2,14,10/6/22,4,38.1,10.18,35,64.3,11.8,1.476190476,1.247619048,12
15,Horry1,2012,22,1,2.15,2,15,,3,15.9,10.18,30,114.6,11.9,1.227272727,4.486363636,21
15,Horry1,2012,20,4,2.16,2,16,,3,6.2,10.18,27,67.7,11.8,1.142857143,2.928571429,14
18,Marion2,2012,6,3,2.17,2,17,10/6/22,3,28.4,10.18,30,132.7,11.9,1.227272727,4.740909091,14
14,HareRd,2003,8,4,2.18,2,18,10/6/22,4,36.3,10.18,39,163,11.9,1.590909091,5.759090909,16
19,McKinnon,2012,36,1,2.19,2,19,,3,8.2,10.18,35,130.1,11.9,1.454545455,5.540909091,14
19,McKinnon,2012,32,1,2.2,2,20,,4,6.9,10.18,45,142.3,11.9,1.863636364,6.154545455,NA
15,Horry1,2012,41,3,2.21,2,21,10/6/22,4,27.9,10.18,37,127.5,11.9,1.5,4.527272727,14
19,Mckinnon,2003,8,1,2.22,2,22,10/6/22,5,15.1,10.18,53,157,11.9,2.181818182,6.45,14
15,Horry1,2012,20,3,2.23,2,23,10/6/22,3,21.8,10.18,24,101.2,11.9,0.954545455,3.609090909,14
20,NewBildad,2016,7,1,2.24,2,24,10/6/22,4,27.3,10.18,33,102.4,11.9,1.318181818,3.413636364,14
14,HareRoad,2012,35,3,3.1,3,1,,3,8,10.18,34,138.9,11.9,1.409090909,5.95,NA
19,McKinnon,2012,18,1,3.2,3,2,,4,20.7,10.18,32,129,11.9,1.272727273,4.922727273,NA
20,NewBildad,2003,4,1,3.3,3,3,,4,24.6,10.18,29,113.2,11.9,1.136363636,4.027272727,NA
19,Mckinnon,2003,2,1,3.4,3,4,10/6/22,3,13.2,10.18,37,143.2,11.9,1.545454545,5.909090909,NA
18,Marion2,2012,3,3,3.5,3,5,,3,19.8,10.18,23,88.5,11.9,0.909090909,3.122727273,NA
18,Marion2,2012,3,4,3.6,3,6,10/6/22,3,14.4,10.18,32,80.7,11.9,1.318181818,3.013636364,NA
1,Billings,2003,5,2,3.7,3,7,,4,8.5,10.18,50,160.3,11.9,2.090909091,6.9,9
10,DuplinWest,2003,13,2,3.8,3,8,,NA,NA,NA,NA,NA,NA,NA,NA,NA
20,NewBildad,2016,4,4,3.9,3,9,,2,2.1,10.18,32,116,11.9,1.363636364,5.177272727,12
10,DuplinWest,2016,18,1,3.1,3,10,,4,17,10.18,42,172,11.9,1.727272727,7.045454545,14
10,DuplinWest,2016,13,3,3.11,3,11,,3,8.8,10.18,33,115.9,11.9,1.363636364,4.868181818,14
14,HareRoad,2012,33,4,3.12,3,12,,4,30,10.18,47,166.2,11.9,1.954545455,6.190909091,13
20,NewBildad,2016,4,2,3.13,3,13,,4,26.1,10.18,35,143,11.9,1.409090909,5.313636364,16
14,HareRoad,2012,33,2,3.14,3,14,10/6/22,5,19.6,10.18,38,133.4,11.9,1.5,5.172727273,15
14,HareRoad,2012,30,1,3.15,3,15,10/6/22,5,32.9,10.18,31,67.8,11.9,1.181818182,1.586363636,9
14,HareRd,2003,12,1,3.16,3,16,10/6/22,3,29.4,10.18,29,118.2,11.9,1.181818182,4.036363636,20
18,Marion2,2012,3,2,3.17,3,17,,3,9.1,10.18,29,92.7,11.9,1.181818182,3.8,16
14,HareRd,2003,6,2,3.18,3,18,,3,37,10.18,39,150.4,11.9,1.636363636,5.154545455,13
32,WalnutGrove,2003,17,1,3.19,3,19,,3,6.9,10.18,56,85.6,11.9,2.409090909,3.577272727,16
14,HareRoad,2012,30,2,3.2,3,20,10/6/22,5,29.5,10.18,40,175,11.9,1.590909091,6.613636364,12
14,HareRoad,2012,33,3,3.21,3,21,10/6/22,4,31,10.18,53,159,11.9,2.227272727,5.818181818,11
10,DuplinWest,2012,32,X,3.22,3,22,10/6/22,3,8.8,10.18,34,164,11.9,1.409090909,7.054545455,13
10,DuplinWest,2016,13,X,3.23,3,23,,NA,NA,NA,NA,NA,NA,NA,NA,NA
14,HareRoad,2012,30,3,3.24,3,24,10/6/22,3,10.4,10.18,17,62.3,11.9,0.636363636,2.359090909,15
10,DuplinWest,2016,6,2,3.25,3,25,10/6/22,3,6,10.18,19,72.2,11.9,0.727272727,3.009090909,15
15,Horry1,2012,24,3,4.1,4,1,10/6/22,4,6.2,10.17,31,88.6,11.7,1.285714286,3.923809524,NA
20,NewBildad,2016,7,3,4.2,4,2,10/6/22,4,21.1,10.17,25,120.6,11.7,1,4.738095238,18
15,Horry1,2012,24,2,4.3,4,3,,3,5.4,10.17,31,137.2,11.7,1.333333333,6.276190476,9
32,WalnutGrove,2012,18,4,4.4,4,4,10/6/22,4,8.2,10.17,32,114.1,11.7,1.333333333,5.042857143,8
14,HareRd,2003,7,1,4.5,4,5,,3,13.9,10.17,27,109.4,11.7,1.142857143,4.547619048,12
15,Horry1,2012,5,3,4.6,4,6,10/6/22,4,16.2,10.17,33,167.4,11.7,1.380952381,7.2,9
14,HareRd,2003,7,3,4.7,4,7,,3,5.4,10.17,28,123,11.7,1.19047619,5.6,14
12,Florence,2003,13,3,4.8,4,8,10/6/22,5,20.6,10.17,44,114.6,11.7,1.857142857,4.476190476,16
10,DuplinWest,2012,36,1,4.9,4,9,,3,2.3,10.17,24,134.5,11.7,1,6.295238095,12
10,DuplinWest,2012,36,2,4.1,4,10,,3,4.1,10.17,29,140.9,11.7,1.238095238,6.514285714,12
12,Florence,2012,29,3,4.11,4,11,10/6/22,4,28.3,10.17,41,103.3,11.7,1.761904762,3.571428571,14
10,DuplinWest,2012,36,3,4.12,4,12,10/6/22,4,12,10.17,43,150.9,11.7,1.857142857,6.614285714,12
12,Florence,2012,29,1,4.13,4,13,10/6/22,4,20.1,10.17,45,127.2,11.7,1.952380952,5.1,8
10,DuplinWest,2012,36,4,4.14,4,14,10/6/22,4,8.3,10.17,40,125.6,11.7,1.714285714,5.585714286,8
12,Florence,2012,29,2,4.15,4,15,10/6/22,5,15.6,10.17,37,110.5,11.7,1.523809524,4.519047619,14
19,McKinnon,2012,36,3,4.16,4,16,10/6/22,4,9.5,10.17,34,120.3,11.7,1.428571429,5.276190476,12
12,Florence,2012,8,2,4.17,4,17,10/6/22,4,3.6,10.17,27,85.7,11.7,1.095238095,3.90952381,15
12,Florence,2012,35,3,4.18,4,18,10/6/22,3,3,10.17,19,85.7,11.7,0.761904762,3.938095238,NA
12,Florence,2003,2,3,4.19,4,19,10/6/22,5,31.6,10.17,38,136.4,11.7,1.571428571,4.99047619,20
12,Florence,2003,X,2,4.2,4,20,10/6/22,4,19.3,10.17,42,137,11.7,1.80952381,5.604761905,16
19,McKinnon,2012,6,4,4.21,4,21,,5,16.4,10.17,36,147,11.7,1.476190476,6.219047619,14
19,Mckinnon,2003,6,1,4.22,4,22,10/6/22,4,15.5,10.17,40,133,11.7,1.714285714,5.595238095,14
18,Marion2,2003,4,3,4.23,4,23,10/6/22,5,8.9,10.17,39,114.3,11.7,1.619047619,5.019047619,14
14,HareRd,2003,10,3,4.24,4,24,10/6/22,4,27,10.17,34,142.5,11.7,1.428571429,5.5,8
18,Marion2,2003,7,2,5.1,5,1,,3,4.1,10.17,25,134.3,11.4,1.222222222,7.233333333,16
1,Billings,2012,32,2,5.2,5,2,,3,9.8,10.17,34,121,11.4,1.722222222,6.177777778,8
20,NewBildad,2003,2,2,5.3,5,3,10/6/22,3,6,10.17,27,98.7,11.4,1.333333333,5.15,14
14,HareRoad,2012,9,2,5.4,5,4,10/6/22,2,1.7,10.17,16,119.8,11.4,0.777777778,6.561111111,14
20,NewBildad,2016,11,4,5.5,5,5,10/6/22,4,11.6,10.17,34,124,11.4,1.666666667,6.244444444,9
15,Horry1,2012,38,1,5.6,5,6,10/6/22,3,8.5,10.17,30,101.3,11.4,1.5,5.155555556,14
10,DuplinWest,2016,6,1,5.7,5,7,10/6/22,3,8.3,10.17,26,139.7,11.4,1.277777778,7.3,14
10,DuplinWest,2016,15,1,5.8,5,8,10/6/22,4,5.9,10.17,36,128.3,11.4,1.777777778,6.8,16
15,Horry1,2012,38,3,5.9,5,9,10/6/22,3,10.5,10.17,26,111.7,11.4,1.277777778,5.622222222,12
10,DuplinWest,2016,18,4,5.1,5,10,10/6/22,4,8.2,10.17,35,131.4,11.4,1.722222222,6.844444444,14
10,DuplinWest,2012,18,4,5.11,5,11,10/6/22,4,16.8,10.17,25,106.2,11.4,1.166666667,4.966666667,14
15,Horry1,2012,38,4,5.12,5,12,10/6/22,3,6.5,10.17,27,100,11.4,1.333333333,5.194444444,15
19,Mckinnon,2003,8,4,5.13,5,13,10/6/22,3,7,10.17,29,97.8,11.4,1.444444444,5.044444444,15
1,Billings,2003,8,4,5.14,5,14,10/6/22,4,6.2,10.17,41,98.5,11.4,2.055555556,5.127777778,14
20,NewBildad,2012,6,4,5.15,5,15,10/6/22,4,6.1,10.17,29,91.7,11.4,1.388888889,4.755555556,19
15,Horry1,2012,38,2,5.16,5,16,10/6/22,4,12.3,10.17,24,80,11.4,1.111111111,3.761111111,14
20,NewBildad,2016,11,3,5.17,5,17,10/6/22,4,16.7,10.17,30,69.6,11.4,1.444444444,2.938888889,12
15,Horry1,2012,24,1,5.18,5,18,10/6/22,4,5.5,10.17,30,117,11.4,1.444444444,6.194444444,20
15,Horry1,2012,37,3,5.19,5,19,10/6/22,4,12.3,10.17,35,128.4,11.4,1.722222222,6.45,16
10,DuplinWest,2016,2,4,5.2,5,20,10/6/22,3,14.8,10.17,33,98.1,11.7,1.428571429,3.966666667,NA
18,Marion2,2012,4,2,5.21,5,21,10/6/22,3,5.1,10.17,24,131,11.4,1.166666667,6.994444444,12
10,DuplinWest,2003,12,2,5.22,5,22,10/6/22,4,40.8,10.17,29,148,11.7,1.19047619,5.104761905,14
18,Marion2,2012,4,1,5.23,5,23,10/6/22,3,4.9,10.17,27,121.5,11.4,1.333333333,6.477777778,16
20,NewBildad,2012,2,4,6.1,6,1,10/6/22,3,3.9,10.17,29,188.8,11.4,1.444444444,10.27222222,NA
12,Florence,2003,7,2,6.2,6,2,10/6/22,3,6.1,10.17,19,76.5,11.4,0.888888889,3.911111111,NA
19,McKinnon,2012,13,2,6.3,6,3,10/6/22,3,5.2,10.17,25,117,11.4,1.222222222,6.211111111,NA
10,DuplinWest,2003,15,4,6.4,6,4,10/6/22,3,15.4,10.17,35,148.8,11.4,1.777777778,7.411111111,NA
10,DuplinWest,2012,32,1,6.5,6,5,10/6/22,3,4.1,10.17,30,166.4,11.4,1.5,9.016666667,NA
15,Horry1,2012,22,4,6.6,6,6,10/6/22,3,18.1,10.17,27,139.2,11.4,1.333333333,6.727777778,NA
18,Marion2,2012,5,1,6.7,6,7,10/6/22,3,27.3,10.17,27,146.4,11.4,1.333333333,6.616666667,NA
19,Mckinnon,2003,4,4,6.8,6,8,10/6/22,3,4.9,10.17,28,115.2,11.4,1.388888889,6.127777778,NA
14,HareRd,2003,14,4,6.9,6,9,10/6/22,NA,NA,NA,NA,NA,NA,NA,NA,NA
20,NewBildad,2003,10,2,6.1,6,10,10/6/22,3,12,10.17,25,114,11.4,1.222222222,5.666666667,14
18,Marion2,2012,5,3,6.11,6,11,10/6/22,3,11.6,10.17,24,113.4,11.4,1.166666667,5.655555556,12
19,Mckinnon,2003,4,3,6.12,6,12,10/6/22,3,4,10.17,22,108.2,11.4,1.055555556,5.788888889,17
15,Horry1,2003,1,4,6.13,6,13,10/6/22,3,14.2,10.17,27,99.4,11.4,1.333333333,4.733333333,8
32,WalnutGrove,2003,17,4,6.14,6,14,10/6/22,3,4.6,10.17,29,66.4,11.4,1.444444444,3.433333333,14
20,NewBildad,2016,3,3,6.15,6,15,10/6/22,3,22,10.17,24,129,11.4,1.166666667,5.944444444,9
12,Florence,2003,2,2,6.16,6,16,10/6/22,3,9.6,10.17,23,133.5,11.4,1.111111111,6.883333333,12
14,HareRoad,2012,37,1,6.17,6,17,10/6/22,3,14,10.17,22,102.5,11.4,1.055555556,4.916666667,7
14,HareRoad,2012,35,2,6.18,6,18,10/6/22,3,4.5,10.17,21,114.2,11.4,1,6.094444444,12
32,WalnutGrove,2003,17,2,6.19,6,19,10/6/22,3,4.5,10.17,25,50.1,11.4,1.222222222,2.533333333,NA
12,Florence,2012,16,3,6.2,6,20,10/6/22,4,15.7,10.17,30,109,11.4,1.444444444,5.183333333,NA
15,Horry1,2012,22,2,6.21,6,21,10/6/22,3,31.7,10.17,28,92,11.4,1.388888889,3.35,NA
18,Marion2,2003,5,3,6.22,6,22,10/6/22,3,16.5,10.17,27,157.5,11.4,1.333333333,7.833333333,NA
20,NewBildad,2016,2,4,7.1,7,1,10/6/22,3,10.4,10.17,22,87.2,11.3,1.117647059,4.517647059,12
19,Mckinnon,2003,1,4,7.2,7,2,10/6/22,3,6.1,10.17,25,124,11.3,1.294117647,6.935294118,14
20,NewBildad,2003,4,2,7.3,7,3,10/6/22,3,5.9,10.17,23,118.3,11.3,1.176470588,6.611764706,15
14,HareRd,2003,10,4,7.4,7,4,10/6/22,2,4.2,10.17,25,130.6,11.3,1.352941176,7.435294118,12
19,McKinnon,2012,18,3,7.5,7,5,10/6/22,3,3.4,10.17,28,95.5,11.3,1.470588235,5.417647059,16
18,Marion2,2003,7,1,7.6,7,6,10/6/22,2,3.8,10.17,24,75.5,11.3,1.294117647,4.217647059,16
14,HareRoad,2012,33,1,7.7,7,7,10/6/22,3,7.5,10.17,34,106.2,11.3,1.823529412,5.805882353,12
12,Florence,2003,9,3,7.8,7,8,10/6/22,4,6.9,10.17,35,75.9,11.3,1.823529412,4.058823529,14
10,DuplinWest,2012,20,2,7.9,7,9,10/6/22,3,4.8,10.17,32,92,11.3,1.705882353,5.129411765,14
12,Florence,2003,11,4,7.1,7,10,10/6/22,3,6.6,10.17,27,117.7,11.3,1.411764706,6.535294118,14
1,Billings,2012,32,3,7.11,7,11,10/6/22,3,5.1,10.17,39,83.8,11.3,2.117647059,4.629411765,12
32,WalnutGrove,2012,18,1,7.12,7,12,10/6/22,3,4.5,10.17,28,95,11.3,1.470588235,5.323529412,14
10,DuplinWest,2003,22,1,7.13,7,13,10/6/22,3,5.6,10.17,26,115.2,11.3,1.352941176,6.447058824,16
12,Florence,2003,2,4,7.14,7,14,10/6/22,3,7.8,10.17,30,115.4,11.3,1.588235294,6.329411765,15
15,Horry1,2012,20,1,7.15,7,15,10/6/22,3,16.5,10.17,32,112.5,11.3,1.705882353,5.647058824,12
18,Marion2,2012,6,4,7.16,7,16,10/6/22,4,12.6,10.17,27,121.6,11.3,1.352941176,6.411764706,13
20,NewBildad,2003,2,4,7.17,7,17,10/6/22,3,7.6,10.17,32,71.7,11.3,1.705882353,3.770588235,14
19,McKinnon,2012,18,2,7.18,7,18,10/6/22,4,10,10.17,28,124.7,11.3,1.411764706,6.747058824,12
18,Marion2,2003,5,2,7.19,7,19,10/6/22,3,18.4,10.17,21,126.4,11.3,1.058823529,6.352941176,14
20,NewBildad,2016,10,1,7.2,7,20,10/6/22,4,11.4,10.17,31,140.9,11.3,1.588235294,7.617647059,14
20,NewBildad,2016,1,3,7.21,7,21,10/6/22,4,10.8,10.17,23,105.2,11.3,1.117647059,5.552941176,6
18,Marion2,2003,7,3,7.22,7,22,10/6/22,3,4.3,10.17,29,103.3,11.3,1.529411765,5.823529412,14
19,McKinnon,2012,20,2,7.23,7,23,10/6/22,4,19.1,10.17,28,125,11.3,1.411764706,6.229411765,12
1,Billings,2003,5,4,8.1,8,1,10/6/22,3,3.2,10.17,16,68.4,11.3,0.764705882,3.835294118,14
20,NewBildad,2016,7,2,8.2,8,2,10/6/22,3,8.8,10.17,21,110.5,11.3,1.058823529,5.982352941,12
12,Florence,2003,13,4,8.3,8,3,10/6/22,2,6.1,10.17,33,102,11.3,1.823529412,5.641176471,16
1,Billings,2012,18,3,8.4,8,4,10/6/22,2,2.6,10.17,25,82.9,11.3,1.352941176,4.723529412,12
14,HareRd,2003,13,3,8.5,8,5,10/6/22,2,3.5,10.17,32,97.8,11.3,1.764705882,5.547058824,15
10,DuplinWest,2003,15,1,8.6,8,6,10/6/22,2,5.6,10.17,33,119.3,11.3,1.823529412,6.688235294,15
32,WalnutGrove,2012,14,2,8.7,8,7,10/6/22,3,4.5,10.17,26,115.5,11.3,1.352941176,6.529411765,15
19,McKinnon,2012,20,1,8.8,8,8,10/6/22,3,6,10.17,27,91.5,11.3,1.411764706,5.029411765,16
19,McKinnon,2012,27,2,8.9,8,9,10/6/22,3,6,10.17,23,105.5,11.3,1.176470588,5.852941176,16
32,WalnutGrove,2012,18,3,8.1,8,10,10/6/22,3,4.3,10.17,29,114.9,11.3,1.529411765,6.505882353,10
20,NewBildad,2016,2,2,8.11,8,11,10/6/22,3,4.2,10.17,23,104.5,11.3,1.176470588,5.9,15
20,NewBildad,2016,2,1,8.12,8,12,10/6/22,3,3.1,10.17,25,115.8,11.3,1.294117647,6.629411765,9
12,Florence,2003,7,3,8.13,8,13,10/6/22,3,7.5,10.17,29,91.7,11.3,1.529411765,4.952941176,14
32,WalnutGrove,2012,14,3,8.14,8,14,10/6/22,3,4.2,10.17,34,124.9,11.3,1.823529412,7.1,15
10,DuplinWest,2003,21,4,8.15,8,15,10/6/22,3,6.3,10.17,24,98.8,11.4,1.166666667,5.138888889,12
12,Florence,2003,10,3,8.16,8,16,10/6/22,3,3,10.17,28,99,11.4,1.388888889,5.333333333,14
20,NewBildad,2016,4,1,8.17,8,17,10/6/22,3,4.5,10.17,32,106.2,11.4,1.611111111,5.65,11
14,HareRd,2003,8,3,8.18,8,18,10/6/22,3,7.4,10.17,30,98.1,11.4,1.5,5.038888889,12
19,McKinnon,2012,30,1,8.19,8,19,10/6/22,4,6.4,10.17,27,95.1,11.4,1.277777778,4.927777778,20
10,DuplinWest,2003,12,1,8.2,8,20,10/6/22,5,35.3,10.17,37,127,11.4,1.777777778,5.094444444,15
10,DuplinWest,2016,13,1,8.21,8,21,10/6/22,NA,NA,NA,NA,NA,NA,NA,NA,NA
10,DuplinWest,2016,13,2,8.22,8,22,10/6/22,NA,NA,NA,NA,NA,NA,NA,NA,NA
12,Florence,2003,12,3,8.23,8,23,10/6/22,3,5.9,10.17,24,123,11.4,1.166666667,6.505555556,14
12,Florence,2003,12,1,8.24,8,24,10/6/22,7,28.3,10.17,63,76,11.4,3.111111111,2.65,16
19,McKinnon,2012,6,2,9.1,9,1,10/6/22,4,6.1,10.17,30,145.1,11.2,1.625,8.6875,16
14,HareRd,2003,13,2,9.2,9,2,10/6/22,4,11.9,10.17,34,96.5,11.2,1.875,5.2875,11
10,DuplinWest,2012,22,2,9.3,9,3,10/6/22,4,30,10.17,29,87.2,11.2,1.5625,3.575,14
10,DuplinWest,2003,21,1,9.4,9,4,10/6/22,3,8.3,10.17,20,148.4,11.2,1.0625,8.75625,14
12,Florence,2003,8,1,9.5,9,5,10/6/22,5,24.6,10.17,36,115.1,11.2,1.9375,5.65625,8
10,DuplinWest,2016,3,1,9.6,9,6,10/6/22,4,9.5,10.17,30,117,11.2,1.625,6.71875,16
10,DuplinWest,2003,20,4,9.7,9,7,10/6/22,5,14.4,10.17,27,111,11.2,1.375,6.0375,6
19,Mckinnon,2003,3,1,9.8,9,8,10/6/22,7,14.6,10.17,25,59.4,11.2,1.125,2.8,14
20,NewBildad,2012,28,4,9.9,9,9,10/6/22,4,8.2,10.17,38,145.6,11.2,2.125,8.5875,11
1,Billings,2012,32,1,9.1,9,10,10/6/22,3,5.1,10.17,25,74.3,11.2,1.375,4.325,9
19,McKinnon,2012,36,2,9.11,9,11,10/6/22,3,4.8,10.17,23,112.5,11.3,1.176470588,65.62941176,16
14,HareRoad,2012,37,3,9.12,9,12,10/6/22,3,7.6,10.17,32,148.5,11.2,1.8125,8.80625,9
20,NewBildad,2016,5,3,9.13,9,13,10/6/22,3,3.2,10.17,24,80.1,11.3,1.235294118,4.523529412,16
18,Marion2,2003,1,3,9.14,9,14,10/6/22,3,5,10.17,31,94,11.2,1.75,5.5625,9
1,Billings,2003,8,3,9.15,9,15,10/6/22,4,4.3,10.17,24,79.6,11.3,1.176470588,4.429411765,9
10,DuplinWest,2016,21,1,9.16,9,16,10/6/22,3,3.5,10.17,16,65,11.2,0.8125,3.84375,16
20,NewBildad,2003,2,1,9.17,9,17,10/6/22,4,14.5,10.17,31,94.7,11.3,1.588235294,4.717647059,16
14,HareRd,2003,5,3,9.18,9,18,10/6/22,3,8,10.17,34,117.4,11.3,1.823529412,6.435294118,14
14,HareRd,2003,5,2,9.19,9,19,10/6/22,3,8.3,10.17,34,110.7,11.3,1.823529412,6.023529412,10
14,HareRoad,2012,29,1,9.2,9,20,10/6/22,3,9.4,10.17,27,108.2,11.3,1.411764706,5.811764706,15
12,Florence,2003,9,4,9.21,9,21,10/6/22,4,5,10.17,36,103.3,11.3,1.882352941,5.782352941,14
10,DuplinWest,2016,9,1,9.22,9,22,10/6/22,3,3.5,10.17,35,98.9,11.3,1.882352941,5.611764706,12
10,DuplinWest,2016,9,2,9.23,9,23,10/6/22,2,2.1,10.17,17,74.1,11.2,0.9375,4.5,17
1,Billings,2003,3,3,10.1,10,1,10/6/22,2,2.2,10.17,22,77.1,11.2,1.25,4.68125,14
20,NewBildad,2016,4,3,10.2,10,2,10/6/22,4,6.7,10.17,32,128.5,11.2,1.75,7.6125,14
14,HareRd,2003,6,1,10.3,10,3,10/6/22,2,5,10.17,26,140.4,11.2,1.5,8.4625,16
20,NewBildad,2003,10,1,10.4,10,4,10/6/22,4,21.7,10.17,28,107.4,11.2,1.5,5.35625,11
12,Florence,2003,11,3,10.5,10,5,10/6/22,4,7.4,10.17,28,98,11.2,1.5,5.6625,12
10,DuplinWest,2016,6,3,10.6,10,6,10/6/22,4,23.3,10.17,40,149.8,11.2,2.25,7.90625,14
15,Horry1,2003,1,2,10.7,10,7,10/6/22,4,18.1,10.17,29,97.8,11.2,1.5625,4.98125,14
12,Florence,2012,42,3,10.8,10,8,10/6/22,3,5.3,10.17,23,90.2,11.2,1.25,5.30625,12
20,NewBildad,2016,3,1,10.9,10,9,10/6/22,4,25.7,10.17,32,101.3,11.2,1.75,4.725,16
18,Marion2,2012,3,1,10.1,10,10,10/6/22,NA,NA,NA,NA,NA,NA,NA,NA,NA
12,Florence,2012,37,4,10.11,10,11,10/6/22,5,9.9,10.17,41,104,11.2,2.25,5.88125,11
12,Florence,2012,25,2,10.12,10,12,10/6/22,3,7.5,10.17,37,98,11.2,2.125,5.65625,17
12,Florence,2012,8,4,10.13,10,13,10/6/22,4,5.1,10.17,27,140.1,11.2,1.4375,8.4375,7
19,Mckinnon,2003,2,3,10.14,10,14,10/6/22,3,15,10.17,43,129.7,11.2,2.5,7.16875,13
12,Florence,2012,8,3,10.15,10,15,10/6/22,4,4.7,10.17,24,76.9,11.2,1.25,4.5125,12
15,Horry1,2012,20,2,10.16,10,16,10/6/22,3,4.9,10.17,16,71.6,11.2,0.8125,4.16875,16
10,DuplinWest,2016,21,3,10.17,10,17,10/6/22,3,9.9,10.17,25,103.3,11.2,1.375,5.8375,16
10,DuplinWest,2003,2,1,10.18,10,18,10/6/22,3,6.8,10.17,37,136.5,11.2,2.125,8.10625,16
19,McKinnon,2012,6,3,10.19,10,19,10/6/22,3,4.5,10.17,35,103.7,11.2,2,6.2,13
12,Florence,2003,8,3,10.2,10,20,10/6/22,3,11.4,10.17,29,99.5,11.2,1.625,5.50625,12
12,Florence,2012,37,2,10.21,10,21,10/6/22,2,2.3,10.17,23,86.4,11.2,1.3125,5.25625,11
12,Florence,2012,37,3,10.22,10,22,10/6/22,3,3,10.17,33,72.5,11.2,1.875,4.34375,14
14,HareRoad,2012,8,1,10.23,10,23,10/6/22,3,6,10.17,13,58.9,11.2,0.625,3.30625,16
10,DuplinWest,2003,14,2,10.24,10,24,10/6/22,3,5.4,10.17,15,86.8,11.2,0.75,5.0875,16
14,HareRd,2003,14,3,11.1,11,1,10/6/22,NA,NA,NA,NA,NA,NA,NA,NA,NA
20,NewBildad,2003,10,4,11.2,11,2,10/6/22,3,12.4,10.17,21,146,11.1,1.2,8.906666667,12
15,Horry1,2012,22,3,11.3,11,3,10/6/22,4,26.9,10.17,33,88.4,11.1,1.933333333,4.1,16
20,NewBildad,2012,28,1,11.4,11,4,10/6/22,4,16.3,10.17,37,107.3,11.1,2.2,6.066666667,12
20,NewBildad,2016,3,2,11.5,11,5,10/6/22,4,25.3,10.17,25,117.7,11.1,1.4,6.16,14
10,DuplinWest,2003,14,4,11.6,11,6,10/6/22,4,20,10.17,28,101.3,11.1,1.6,5.42,9
18,Marion2,2012,8,3,11.7,11,7,10/6/22,3,14.4,10.17,15,67.6,11.1,0.8,3.546666667,16
18,Marion2,2012,5,4,11.8,11,8,10/6/22,NA,NA,NA,NA,NA,NA,NA,NA,NA
12,Florence,2003,9,1,11.9,11,9,10/6/22,NA,NA,NA,NA,NA,NA,NA,NA,NA
20,NewBildad,2016,11,1,11.1,11,10,10/6/22,3,16.8,10.17,32,119.3,11.1,1.933333333,6.833333333,11
18,Marion2,2003,4,1,11.11,11,11,10/6/22,3,6.6,10.17,27,121.9,11.1,1.6,7.686666667,20
10,DuplinWest,2003,20,2,11.12,11,12,10/6/22,2,4.1,10.17,22,118.4,11.1,1.333333333,7.62,14
12,Florence,2003,13,1,11.13,11,13,10/6/22,3,12.5,10.17,20,93.6,11.1,1.133333333,5.406666667,11
10,DuplinWest,2016,6,4,11.14,11,14,10/6/22,3,13.2,10.17,20,103.7,11.1,1.133333333,6.033333333,9
10,DuplinWest,2016,3,2,11.15,11,15,10/6/22,3,3.9,10.17,13,44.2,11.1,0.666666667,2.686666667,18
20,NewBildad,2016,10,4,11.16,11,16,10/6/22,3,3.4,10.17,17,74.2,11.1,0.933333333,4.72,15
18,Marion2,2003,7,4,11.17,11,17,10/6/22,3,3.9,10.17,29,75,11.1,1.733333333,4.74,19
10,DuplinWest,2003,14,3,11.18,11,18,10/6/22,3,12.8,10.17,25,114.2,11.1,1.466666667,6.76,NA
20,NewBildad,2016,7,4,11.19,11,19,10/6/22,3,20.4,10.17,26,121,11.1,1.533333333,6.706666667,11
14,HareRoad,2012,29,2,11.2,11,20,10/6/22,3,8.4,10.17,36,126.8,11.1,2.2,7.893333333,16
10,DuplinWest,2012,29,3,11.21,11,21,10/6/22,3,4.5,10.17,23,87.4,11.1,1.333333333,5.526666667,18
10,DuplinWest,2003,20,1,11.22,11,22,10/6/22,3,4.4,10.17,15,68.1,11.1,0.8,4.246666667,14
12,Florence,2003,7,4,11.23,11,23,10/6/22,3,3.1,10.17,11,61,11.1,0.533333333,3.86,12
12,Florence,2003,X,1,11.24,11,24,10/6/22,3,7.7,10.17,17,64.8,11.1,0.933333333,3.806666667,14
18,Marion2,2012,1,4,12.1,12,1,10/6/22,5,35.4,10.17,40,112,11.1,2.333333333,5.106666667,13
20,NewBildad,2003,4,4,12.2,12,2,10/6/22,5,19.4,10.17,26,145.3,11.1,1.4,8.393333333,20
10,DuplinWest,2012,22,3,12.3,12,3,10/6/22,4,30.5,10.17,33,135.6,11.1,1.933333333,7.006666667,13
10,DuplinWest,2003,2,2,12.4,12,4,10/6/22,5,39.6,10.17,28,131.7,11.1,1.533333333,6.14,9
12,Florence,2003,2,1,12.5,12,5,10/6/22,5,37.2,10.17,33,104.8,11.1,1.866666667,4.506666667,8
12,Florence,2012,8,1,12.6,12,6,10/6/22,7,23.6,10.17,39,101,11.1,2.133333333,5.16,9
20,NewBildad,2016,5,2,12.7,12,7,10/6/22,3,3.8,10.17,8,40.6,11.1,0.333333333,2.453333333,14
10,DuplinWest,2016,13,4,12.8,12,8,10/6/22,4,4.9,10.17,16,89,11.1,0.8,5.606666667,10
20,NewBildad,2016,11,2,12.9,12,9,10/6/22,5,27.5,10.17,27,101,11.1,1.466666667,4.9,14
14,HareRoad,2012,8,4,12.1,12,10,10/6/22,5,31.2,10.17,29,90.7,11.1,1.6,3.966666667,18
15,Horry1,2012,37,2,12.11,12,11,10/6/22,5,32.3,10.17,39,118.6,11.1,2.266666667,5.753333333,9
18,Marion2,2003,2,1,12.12,12,12,10/6/22,4,19.1,10.17,30,107.1,11.1,1.733333333,5.866666667,12
14,HareRoad,2012,37,2,12.13,12,13,10/6/22,4,34,10.17,33,107.2,11.1,1.933333333,4.88,9
15,Horry1,2012,5,2,12.14,12,14,10/6/22,NA,NA,NA,NA,NA,NA,NA,NA,NA
19,McKinnon,2012,6,1,12.15,12,15,10/6/22,3,3.2,10.17,28,88,11.1,1.666666667,5.653333333,13
18,Marion2,2012,1,3,12.16,12,16,10/6/22,4,5.5,10.17,23,78.5,11.1,1.266666667,4.866666667,13
1,Billings,2012,18,2,12.17,12,17,10/6/22,4,6.2,10.17,25,115.8,11.1,1.4,7.306666667,15
10,DuplinWest,2003,2,3,12.18,12,18,10/6/22,5,33.1,10.17,29,125.8,11.1,1.6,6.18,14
14,HareRd,2003,13,1,12.19,12,19,10/6/22,5,28.1,10.17,43,124.1,11.1,2.533333333,6.4,14
19,McKinnon,2012,32,4,12.2,12,20,10/6/22,4,23.7,10.17,36,126.6,11.1,2.133333333,6.86,14
15,Horry1,2003,1,1,12.21,12,21,10/6/22,7,33.7,10.17,39,103.1,11.1,2.133333333,4.626666667,8
19,McKinnon,2012,13,4,12.22,12,22,10/6/22,5,10,10.17,22,64,11.1,1.133333333,3.6,16
19,McKinnon,2012,30,3,12.23,12,23,10/6/22,4,3.6,10.17,12,91.4,11.1,0.533333333,5.853333333,16
14,HareRd,2003,12,2,12.24,12,24,10/6/22,3,33.4,10.17,13,73,11.1,0.666666667,2.64,14
10,DuplinWest,2003,21,2,13.1,13,1,10/6/22,3,25.1,10.17,13,82.5,11.1,0.666666667,3.826666667,20
19,Mckinnon,2003,3,4,13.2,13,2,10/6/22,4,9.9,10.17,19,81.1,11.1,1,4.746666667,24
14,HareRoad,2012,8,3,13.3,13,3,10/6/22,4,18,10.17,21,68.8,11.1,1.133333333,3.386666667,17
18,Marion2,2003,2,3,13.4,13,4,10/6/22,3,22.5,10.17,23,87.1,11.1,1.333333333,4.306666667,14
15,Horry1,2012,41,1,13.5,13,5,10/6/22,4,29.6,10.17,32,122.7,11.1,1.866666667,6.206666667,16
15,Horry1,2012,41,2,13.6,13,6,10/6/22,5,18.2,10.17,37,87.5,11.1,2.133333333,4.62,NA
12,Florence,2003,13,2,13.7,13,7,10/6/22,4,24.5,10.17,33,128.3,11.1,1.933333333,6.92,8
14,HareRd,2003,7,4,13.8,13,8,10/6/22,5,27.9,10.17,34,117.6,11.1,1.933333333,5.98,15
12,Florence,2003,X,3,13.9,13,9,10/6/22,4,30.6,10.17,27,70.5,11.1,1.533333333,2.66,16
10,DuplinWest,2012,22,1,13.1,13,10,10/6/22,4,25.5,10.17,17,60.7,11.1,0.866666667,2.346666667,20
12,Florence,2003,9,2,13.11,13,11,10/6/22,5,20.6,10.17,26,75.7,11.1,1.4,3.673333333,14
19,Mckinnon,2003,5,1,13.12,13,12,10/6/22,4,24.4,10.17,31,126.4,11.1,1.8,6.8,12
19,McKinnon,2012,13,1,13.13,13,13,10/6/22,NA,NA,NA,NA,NA,NA,NA,NA,NA
10,DuplinWest,2003,14,1,13.14,13,14,10/6/22,4,14.8,10.17,38,108.6,11.1,2.266666667,6.253333333,14
32,WalnutGrove,2012,14,4,13.15,13,15,10/6/22,4,8.5,10.17,35,113.6,11.1,2.066666667,7.006666667,9
10,DuplinWest,2016,9,3,13.16,13,16,10/6/22,4,5.5,10.17,32,110.5,11.1,1.866666667,7,12
18,Marion2,2012,1,1,13.17,13,17,10/6/22,4,34.5,10.17,28,94.3,11.1,1.6,3.986666667,10
14,HareRd,2003,8,2,13.18,13,18,10/6/22,3,29.3,10.17,28,146.3,11.1,1.666666667,7.8,12
10,DuplinWest,2016,15,3,13.19,13,19,10/6/22,4,16.6,10.17,29,143.5,11.1,1.666666667,8.46,14
12,Florence,2003,10,2,13.2,13,20,10/6/22,4,5,10.17,29,148.5,11.1,1.666666667,9.566666667,15
10,DuplinWest,2012,20,1,13.21,13,21,10/6/22,4,9.8,10.17,25,134.5,11.1,1.4,8.313333333,14
10,DuplinWest,2012,29,4,13.22,13,22,10/6/22,3,4.7,10.17,31,116.3,11.1,1.866666667,7.44,15
10,DuplinWest,2016,15,4,13.23,13,23,10/6/22,4,13.4,10.17,29,83.3,11.1,1.666666667,4.66,16
10,DuplinWest,2016,9,4,13.24,13,24,10/6/22,4,8,10.17,24,104.5,11.1,1.333333333,6.433333333,17
12,Florence,2003,10,1,14.1,14,1,10/6/22,3,3,10.17,28,65,11.1,1.666666667,4.133333333,16
10,DuplinWest,2012,32,2,14.2,14,2,10/6/22,3,6.9,10.17,26,132.8,11.1,1.533333333,8.393333333,16
14,HareRoad,2012,35,4,14.3,14,3,10/6/22,4,10.2,10.17,30,99.2,11.1,1.733333333,5.933333333,17
20,NewBildad,2016,1,4,14.4,14,4,10/6/22,3,7,10.17,32,64.5,11.1,1.933333333,3.833333333,NA
19,Mckinnon,2003,8,2,14.5,14,5,10/6/22,4,8.8,10.17,36,125.8,11.1,2.133333333,7.8,18
10,DuplinWest,2003,15,3,14.6,14,6,10/6/22,3,13.3,10.17,34,163,11.1,2.066666667,9.98,11
14,HareRd,2003,8,1,14.7,14,7,10/6/22,3,20.4,10.17,19,105.1,11.1,1.066666667,5.646666667,10
12,Florence,2012,25,3,14.8,14,8,10/6/22,4,12,10.17,28,67.4,11.1,1.6,3.693333333,10
14,HareRoad,2012,29,3,14.9,14,9,10/6/22,3,28.7,10.17,24,87.7,11.1,1.4,3.933333333,NA
10,DuplinWest,2012,18,1,14.1,14,10,10/6/22,3,10.4,10.17,28,134.9,11.1,1.666666667,8.3,20
20,NewBildad,2012,6,3,14.11,14,11,10/6/22,4,11.8,10.17,36,118.1,11.1,2.133333333,7.086666667,7
10,DuplinWest,2003,22,3,14.12,14,12,10/6/22,3,8,10.17,24,169.6,11.1,1.4,10.77333333,8
12,Florence,2012,37,1,14.13,14,13,10/6/22,5,17,10.17,36,126.4,11.1,2.066666667,7.293333333,7
19,Mckinnon,2003,5,2,14.14,14,14,10/6/22,3,16.1,10.17,29,162,11.1,1.733333333,9.726666667,16
10,DuplinWest,2003,2,4,14.15,14,15,10/6/22,3,10.9,10.17,22,119.5,11.1,1.266666667,7.24,12
19,Mckinnon,2003,6,4,14.16,14,16,10/6/22,3,5.6,10.17,33,77.5,11.1,2,4.793333333,9
19,Mckinnon,2003,4,2,14.17,14,17,10/6/22,3,5.1,10.17,30,119.4,11.1,1.8,7.62,20
1,Billings,2012,32,4,14.18,14,18,10/6/22,3,11.4,10.17,24,98,11.1,1.4,5.773333333,11
18,Marion2,2003,1,4,14.19,14,19,10/6/22,4,9.8,10.17,35,105.3,11.1,2.066666667,6.366666667,9
20,NewBildad,2003,10,3,14.2,14,20,10/6/22,3,27.5,10.17,23,119.5,11.1,1.333333333,6.133333333,12
10,DuplinWest,2003,13,1,14.21,14,21,10/6/22,5,3.4,10.17,24,112.6,11.1,1.266666667,7.28,19
12,Florence,2012,29,4,14.22,14,22,10/6/22,3,15.1,10.17,29,117.6,11.1,1.733333333,6.833333333,7
19,McKinnon,2012,27,1,14.23,14,23,10/6/22,3,3.2,10.17,20,109.9,11.1,1.133333333,7.113333333,17
14,HareRoad,2012,29,4,14.24,14,24,10/6/22,3,13.2,10.17,22,116.2,11.1,1.266666667,6.866666667,14
12,Florence,2003,X,4,15.1,15,1,10/6/22,4,14.5,10.17,35,120.9,11.1,2.066666667,7.093333333,16
20,NewBildad,2003,4,3,15.2,15,2,10/6/22,4,12.4,10.17,26,111.8,11.1,1.466666667,6.626666667,16
10,DuplinWest,2012,20,4,15.3,15,3,10/6/22,3,5.4,10.17,23,112.7,11.1,1.333333333,7.153333333,12
1,Billings,2003,3,2,15.4,15,4,10/6/22,6,15.5,10.17,33,115.2,11.1,1.8,6.646666667,16
10,DuplinWest,2012,22,4,15.5,15,5,10/6/22,4,15,10.17,28,78,11.1,1.6,4.2,14
14,HareRoad,2012,9,4,15.6,15,6,10/6/22,3,11.4,10.17,25,105.5,11.1,1.466666667,6.273333333,14
20,NewBildad,2012,2,1,15.7,15,7,10/6/22,3,2.1,10.17,20,61.1,11.1,1.133333333,3.933333333,14
19,Mckinnon,2003,5,3,15.8,15,8,10/6/22,4,15.4,10.17,29,72.1,11.1,1.666666667,3.78,16
20,NewBildad,2012,2,3,15.9,15,9,10/6/22,4,14.6,10.17,28,62,11.1,1.6,3.16,15
19,Mckinnon,2003,8,3,15.1,15,10,10/6/22,4,27,10.17,29,130.9,11.1,1.666666667,6.926666667,20
19,Mckinnon,2003,5,4,15.11,15,11,10/6/22,4,25.5,10.17,25,120.5,11.1,1.4,6.333333333,14
20,NewBildad,2016,5,4,15.12,15,12,10/6/22,3,3.8,10.17,17,91.5,11.1,0.933333333,5.846666667,NA
19,McKinnon,2012,20,3,15.13,15,13,10/6/22,4,20,10.17,21,85.1,11.1,1.133333333,4.34,13
18,Marion2,2003,6,1,15.14,15,14,10/6/22,4,33.1,10.17,28,76.1,11.1,1.6,2.866666667,14
12,Florence,2003,8,2,15.15,15,15,10/6/22,4,11,10.17,23,77.4,11.1,1.266666667,4.426666667,14
18,Marion2,2012,1,2,15.16,15,16,10/6/22,7,31.1,10.17,27,77.8,11.1,1.333333333,3.113333333,16
20,NewBildad,2003,2,3,15.17,15,17,10/6/22,4,28.5,10.17,23,84.9,11.1,1.266666667,3.76,13
10,DuplinWest,2012,18,3,15.18,15,18,10/6/22,4,29.4,10.17,30,122.5,11.1,1.733333333,6.206666667,16
12,Florence,2003,11,2,15.19,15,19,10/6/22,4,22.9,10.17,26,100.4,11.1,1.466666667,5.166666667,13
12,Florence,2003,10,4,15.2,15,20,10/6/22,3,3.3,10.17,21,105.3,11.1,1.2,6.8,9
12,Florence,2012,20,4,15.21,15,21,10/6/22,6,15.4,10.17,30,65.5,11.1,1.6,3.34,7
20,NewBildad,2016,1,2,15.22,15,22,10/6/22,3,10.7,10.17,27,113,11.1,1.6,6.82,12
12,Florence,2012,20,2,15.23,15,23,10/6/22,4,4,10.17,15,66,11.1,0.733333333,4.133333333,16
14,HareRoad,2012,14,1,15.24,15,24,10/6/22,3,3.6,10.17,13,54.3,11.1,0.666666667,3.38,14
10,DuplinWest,2003,22,2,16.1,16,1,10/6/22,3,6.4,10.18,12,100,11.1,0.642857143,6.685714286,17
18,Marion2,2012,8,4,16.2,16,2,10/6/22,3,30.6,10.18,11,47,11.1,0.571428571,1.171428571,16
12,Florence,2012,35,1,16.3,16,3,10/6/22,4,8.9,10.18,15,50,11.1,0.785714286,2.935714286,19
20,NewBildad,2012,28,3,16.4,16,4,10/6/22,5,25.7,10.18,25,70.6,11.1,1.428571429,3.207142857,16
14,HareRd,2003,5,1,16.5,16,5,10/6/22,5,20.9,10.18,21,71.4,11.1,1.142857143,3.607142857,10
18,Marion2,2012,4,4,16.6,16,6,10/6/22,3,12.3,10.18,16,105.8,11.1,0.928571429,6.678571429,16
20,NewBildad,2012,28,2,16.7,16,7,10/6/22,4,29.4,10.18,21,77.5,11.1,1.214285714,3.435714286,18
10,DuplinWest,2012,29,2,16.8,16,8,10/6/22,5,19.8,10.18,28,96.1,11.1,1.642857143,5.45,20
10,DuplinWest,2016,15,2,16.9,16,9,10/6/22,4,5.2,10.18,13,59,11.1,0.642857143,3.842857143,16
15,Horry1,2012,8,3,16.1,16,10,10/6/22,3,9.9,10.18,13,88.9,11.1,0.714285714,5.642857143,14
1,Billings,2003,3,1,16.11,16,11,10/6/22,9,31.9,10.18,26,76.4,11.1,1.214285714,3.178571429,8
10,DuplinWest,2012,18,2,16.12,16,12,10/6/22,4,31.5,10.18,24,85.5,11.1,1.428571429,3.857142857,16
14,HareRd,2003,5,4,16.13,16,13,10/6/22,5,32.3,10.18,27,75.8,11.1,1.571428571,3.107142857,8
19,Mckinnon,2003,4,1,16.14,16,14,10/6/22,4,13.3,10.18,23,102.9,11.1,1.357142857,6.4,10
18,Marion2,2012,8,1,16.15,16,15,10/6/22,4,46.1,10.18,16,95,11.1,0.857142857,3.492857143,16
14,HareRd,2003,14,2,16.16,16,16,10/6/22,NA,NA,NA,NA,NA,NA,NA,NA,NA
1,Billings,2003,8,2,16.17,16,17,10/6/22,4,11.3,10.18,20,100.9,11.1,1.142857143,6.4,16
12,Florence,2003,11,1,16.18,16,18,10/6/22,4,21.7,10.18,22,107.8,11.1,1.285714286,6.15,16
14,HareRoad,2012,37,4,16.19,16,19,10/6/22,4,32.6,10.18,26,89.1,11.1,1.571428571,4.035714286,9
20,NewBildad,2016,3,4,16.2,16,20,10/6/22,4,14.1,10.18,18,87.4,11.1,1,5.235714286,16
14,HareRoad,2012,35,1,16.21,16,21,10/6/22,4,10,10.18,20,87.7,11.1,1.142857143,5.55,12
20,NewBildad,2016,10,2,16.22,16,22,10/6/22,4,13.4,10.18,24,146.4,11.1,1.428571429,9.5,16
12,Florence,2003,7,1,16.23,16,23,10/6/22,4,19.7,10.18,25,73.7,11.1,1.5,3.857142857,9
1,Billings,2003,5,3,16.24,16,24,10/6/22,4,7.1,10.18,23,126.2,11.1,1.357142857,8.507142857,6
14,HareRd,2003,10,2,17.1,17,1,10/6/22,2,5.4,10.18,8,61.4,10.31,0.461538462,4.307692308,16
10,DuplinWest,2012,29,1,17.2,17,2,10/6/22,3,5,10.18,13,51.8,10.31,0.769230769,3.6,NA
18,Marion2,2012,5,2,17.3,17,3,10/6/22,3,8.2,10.18,14,102.9,10.31,0.846153846,7.284615385,NA
19,McKinnon,2012,36,4,17.4,17,4,10/6/22,3,5.5,10.18,15,99.2,10.31,0.923076923,7.207692308,20
19,Mckinnon,2003,1,2,17.5,17,5,10/6/22,3,18,10.18,31,135.3,10.31,2.153846154,9.023076923,14
19,Mckinnon,2003,2,4,17.6,17,6,10/6/22,3,7.1,10.18,26,100,10.31,1.769230769,7.146153846,20
19,Mckinnon,2003,7,4,17.7,17,7,10/6/22,3,4.5,10.18,29,95.7,10.31,2,7.015384615,16
19,Mckinnon,2003,3,2,17.8,17,8,10/6/22,5,11,10.18,31,73,10.31,2,4.769230769,NA
10,DuplinWest,2016,2,1,17.9,17,9,10/6/22,4,16.3,10.18,13,56.9,10.31,0.692307692,3.123076923,16
14,HareRd,2003,14,1,17.1,17,10,10/6/22,NA,NA,NA,NA,NA,NA,NA,NA,NA
18,Marion2,2003,1,2,17.11,17,11,10/6/22,NA,8.4,10.18,18,102.3,10.31,NA,NA,20
10,DuplinWest,2016,18,2,17.12,17,12,10/6/22,3,8,10.18,22,144.6,10.31,1.461538462,10.50769231,16
12,Florence,2012,25,1,17.13,17,13,10/6/22,4,14.2,10.18,30,122.5,10.31,2,8.330769231,9
15,Horry1,2012,37,4,17.14,17,14,10/6/22,5,24.2,10.18,37,85.2,10.31,2.461538462,4.692307692,9
14,HareRoad,2012,30,4,17.15,17,15,10/6/22,4,27.4,10.18,29,92.1,10.31,1.923076923,4.976923077,9
14,HareRd,2003,6,3,17.16,17,16,10/6/22,4,36.2,10.18,32,166.3,10.31,2.153846154,10.00769231,16
20,NewBildad,2012,6,2,17.17,17,17,10/6/22,4,14.2,10.18,20,125.7,10.31,1.230769231,8.576923077,NA
19,Mckinnon,2003,7,3,17.18,17,18,10/6/22,4,8.9,10.18,38,135.5,10.31,2.615384615,9.738461538,NA
18,Marion2,2003,2,2,17.19,17,19,10/6/22,4,9.4,10.18,19,133.8,10.31,1.153846154,9.569230769,11
14,HareRd,2003,13,4,17.2,17,20,10/6/22,4,31.5,10.18,25,90.7,10.31,1.615384615,4.553846154,16
18,Marion2,2012,6,1,17.21,17,21,10/6/22,4,22.4,10.18,16,126.8,10.31,0.923076923,8.030769231,19
15,Horry1,2012,41,4,17.22,17,22,10/6/22,3,6.3,10.18,12,41.5,10.31,0.692307692,2.707692308,NA
10,DuplinWest,2016,21,4,17.23,17,23,10/6/22,3,22.9,10.18,15,58.3,10.31,0.923076923,2.723076923,20
14,HareRoad,2012,14,2,18.1,18,1,10/6/22,2,3.6,10.18,9,70.1,10.31,0.538461539,5.115384615,16
14,HareRoad,2012,14,3,18.2,18,2,10/6/22,2,2.5,10.18,11,64.3,10.31,0.692307692,4.753846154,16
19,Mckinnon,2003,6,3,18.3,18,3,10/6/22,3,6.2,10.18,19,76.8,10.31,1.230769231,5.430769231,NA
12,Florence,2012,25,4,18.4,18,4,10/6/22,3,4.5,10.18,22,96.2,10.31,1.461538462,7.053846154,NA
19,McKinnon,2012,18,4,18.5,18,5,10/6/22,4,7.6,10.18,18,105.1,10.31,1.076923077,7.5,NA
18,Marion2,2003,1,1,18.6,18,6,10/6/22,3,5,10.18,18,75.4,10.31,1.153846154,5.415384615,NA
19,McKinnon,2012,32,3,18.7,18,7,10/6/22,3,4.9,10.18,15,92.2,10.31,0.923076923,6.715384615,20
19,Mckinnon,2003,6,2,18.8,18,8,10/6/22,3,5.3,10.18,21,78.5,10.31,1.384615385,5.630769231,16
10,DuplinWest,2003,15,2,18.9,18,9,10/6/22,2,2.5,10.18,13,94.2,10.31,0.846153846,7.053846154,20
20,NewBildad,2016,2,3,18.1,18,10,10/6/22,3,4.5,10.18,15,95.3,10.31,0.923076923,6.984615385,16
20,NewBildad,2016,1,1,18.11,18,11,10/6/22,3,5.4,10.18,16,93.9,10.31,1,6.807692308,16
32,WalnutGrove,2003,17,3,18.12,18,12,10/6/22,3,4.1,10.18,24,40,10.31,1.615384615,2.761538462,10
10,DuplinWest,2003,20,3,18.13,18,13,10/6/22,3,3.9,10.18,13,90.2,10.31,0.769230769,6.638461538,14
19,Mckinnon,2003,1,3,18.14,18,14,10/6/22,3,17.3,10.18,19,67.5,10.31,1.230769231,3.861538462,NA
19,McKinnon,2012,27,3,18.15,18,15,10/6/22,2,2.6,10.18,10,81,10.31,0.615384615,6.030769231,NA
14,HareRoad,2012,14,4,18.16,18,16,10/6/22,2,3.7,10.18,12,77.3,10.31,0.769230769,5.661538462,14
19,McKinnon,2012,27,4,18.17,18,17,10/6/22,2,3.4,10.18,10,77.7,10.31,0.615384615,5.715384615,16
14,HareRoad,2012,8,2,18.18,18,18,10/6/22,3,10.9,10.18,18,72.8,10.31,1.153846154,4.761538462,14
12,Florence,2012,42,1,18.19,18,19,10/6/22,3,3.8,10.18,17,100.4,10.31,1.076923077,7.430769231,16
20,NewBildad,2012,6,1,18.2,18,20,10/6/22,3,7.7,10.18,19,68.9,10.31,1.230769231,4.707692308,8
12,Florence,2012,20,3,18.21,18,21,10/6/22,4,11.6,10.18,24,67.9,10.31,1.538461538,4.330769231,5
19,McKinnon,2012,20,4,18.22,18,22,10/6/22,4,22.2,10.18,23,76,10.31,1.461538462,4.138461538,12
20,NewBildad,2016,5,1,18.23,18,23,10/6/22,4,12.6,10.18,16,69.6,10.31,0.923076923,4.384615385,16
10,DuplinWest,2012,20,3,19.1,19,1,10/6/22,2,4.3,10.18,8,46.2,10.31,0.461538462,3.223076923,19
20,NewBildad,2012,2,2,19.2,19,2,10/6/22,2,3,10.18,9,32.8,10.31,0.538461539,2.292307692,16
19,Mckinnon,2003,3,3,19.3,19,3,10/6/22,3,6.4,10.18,12,94.8,10.31,0.692307692,6.8,17
10,DuplinWest,2016,21,2,19.4,19,4,10/6/22,3,7,10.18,13,74,10.31,0.769230769,5.153846154,17
18,Marion2,2012,8,2,19.5,19,5,10/6/22,3,29.4,10.18,14,79.6,10.31,0.846153846,3.861538462,16
12,Florence,2012,35,2,19.6,19,6,10/6/22,3,3.7,10.18,13,85.4,10.31,0.769230769,6.284615385,14
19,Mckinnon,2003,7,2,19.7,19,7,10/6/22,3,4.9,10.18,18,93.2,10.31,1.153846154,6.792307692,19
1,Billings,2012,18,1,19.8,19,8,10/6/22,3,4.4,10.18,14,90.5,10.31,0.846153846,6.623076923,14
18,Marion2,2003,4,2,19.9,19,9,10/6/22,3,3.3,10.18,10,82.4,10.31,0.538461539,6.084615385,16
19,Mckinnon,2003,1,1,19.1,19,10,10/6/22,3,15.9,10.18,14,55.5,10.31,0.846153846,3.046153846,18
15,Horry1,2003,1,3,19.11,19,11,10/6/22,3,8,10.18,17,72.1,10.31,1.076923077,4.930769231,14
14,HareRoad,2012,9,3,19.12,19,12,10/6/22,3,13.5,10.18,71,69.7,10.31,5.230769231,4.323076923,16
14,HareRd,2003,12,3,19.13,19,13,10/6/22,3,7.5,10.18,14,90.6,10.31,0.846153846,6.392307692,16
10,DuplinWest,2012,32,3,19.14,19,14,10/6/22,3,7.4,10.18,17,108.8,10.31,1.076923077,7.8,16
15,Horry1,2012,8,1,19.15,19,15,10/6/22,3,4.1,10.18,12,63.7,10.31,0.692307692,4.584615385,12
14,HareRd,2003,7,2,19.16,19,16,10/6/22,3,8.4,10.18,14,78.8,10.31,0.846153846,5.415384615,16
10,DuplinWest,2003,22,4,19.17,19,17,10/6/22,4,21,10.18,13,94.5,10.31,0.692307692,5.653846154,NA
1,Billings,2003,8,1,19.18,19,18,10/6/22,4,19.8,10.18,20,68.1,10.31,1.230769231,3.715384615,NA
10,DuplinWest,2016,3,3,19.19,19,19,10/6/22,4,18.8,10.18,18,86.7,10.31,1.076923077,5.223076923,NA
19,McKinnon,2012,13,3,19.2,19,20,10/6/22,4,11.4,10.18,18,96.7,10.31,1.076923077,6.561538462,16
10,DuplinWest,2012,32,4,19.21,19,21,10/6/22,3,9.1,10.18,15,102.2,10.31,0.923076923,7.161538462,14
10,DuplinWest,2016,2,3,19.22,19,22,10/6/22,4,23.4,10.18,20,80.4,10.31,1.230769231,4.384615385,NA
10,DuplinWest,2016,2,2,19.23,19,23,10/6/22,3,15.5,10.18,20,69.4,10.31,1.307692308,4.146153846,NA
10,DuplinWest,2003,21,3,19.24,19,24,10/6/22,NA,NA,NA,NA,NA,NA,NA,NA,NA